Workbook

Sheet E vs K
E2: 0.1 | N2: Datos Matlab 0.1
B3: E | C3: k | E3: E | F3: k | N3: E | O3: k
B4: 10 | C4: 1.4008761 | E4: 10 | F4: 1.4007382 | N4: 10000000 | O4: 1.4007382
B5: 40 | C5: 1.2140668 | E5: 40 | F5: 1.2140668 | N5: 40000000 | O5: 1.2140668
B6: 100 | C6: 1.1364515 | E6: 100 | F6: 1.1177048 | N6: 100000000 | O6: 1.1177048
B7: 200 | C7: 1.1021356 | E7: 200 | F7: 1.0909214 | N7: 200000000 | O7: 1.0909214
B8: 300 | C8: 1.0895844 | E8: 300 | F8: 1.0805844 | N8: 300000000 | O8: 1.0805844
B9: 500 | C9: 1.0619149 | E9: 500 | F9: 1.0723113 | N9: 500000000 | O9: 1.0723113
E10: 700 | F10: 1.0694335 | N10: 700000000 | O10: 1.0694335
E11: 1000 | F11: 1.0629208 | N11: 1000000000 | O11: 1.0629208
B12: E | C12: k
B13: 10 | C13: 1.3259737 | E13: 0.3 | N13: Datos Matlab 0.3
B14: 40 | C14: 1.1531018 | E14: E | F14: k | N14: E | O14: k
B15: 100 | C15: 1.0971813 | E15: 10 | F15: 1.3259737 | N15: 10000000 | O15: 1.3259737
B16: 200 | C16: 1.0655489 | E16: 40 | F16: 1.1531018 | N16: 40000000 | O16: 1.1531018
B17: 300 | C17: 1.048483 | E17: 100 | F17: 1.0821813 | N17: 100000000 | O17: 1.0821813
B18: 500 | C18: 1.0242472 | E18: 200 | F18: 1.0539489 | N18: 200000000 | O18: 1.0539489
E19: 300 | F19: 1.043483 | N19: 300000000 | O19: 1.043483
E20: 500 | F20: 1.0350256 | N20: 500000000 | O20: 1.0350256
B21: E | C21: k | E21: 700 | F21: 1.0306194 | N21: 700000000 | O21: 1.0306194
B22: 10 | C22: 1.2535679 | E22: 1000 | F22: 1.0245285 | N22: 1000000000 | O22: 1.0245285
B23: 40 | C23: 1.097158
B24: 100 | C24: 1.044067 | E24: 0.495 | N24: Datos Matlab 0.5
B25: 200 | C25: 1.0178564 | E25: E | F25: k | N25: E | O25: k
B26: 300 | C26: 1.0079754 | E26: 10 | F26: 1.2535679 | N26: 10000000 | O26: 1.2535679
B27: 500 | C27: 0.98769793 | E27: 40 | F27: 1.097158 | N27: 40000000 | O27: 1.097158
E28: 100 | F28: 1.040067 | N28: 100000000 | O28: 1.040067
E29: 200 | F29: 1.0169791 | N29: 200000000 | O29: 1.0169791
E30: 300 | F30: 1.0094218 | N30: 300000000 | O30: 1.0094218
E31: 500 | F31: 0.9977603 | N31: 500000000 | O31: 0.9977603
E32: 700 | F32: 0.98765619 | N32: 700000000 | O32: 0.98765619
E33: 1000 | F33: 0.97950537 | N33: 1000000000 | O33: 0.97950537

Sheet SawBones_TOF
C2: [Mpa] | G2: Valores de TOF
B3: PCF | C3: Mod E | D3: TOF | G3: PCF05 | H3: PCF08 | I3: PCF10 | J3: PCF12 | K3: PCF15 | L3: PCF20 | M3: PCF30
B4: 5 | C4: 16 | D4: =G21 -> 0.0019726948 | G4: 0.0019336315 | H4: 0.0017773785 | I4: 0.0017383152 | J4: 0.0015820621 | K4: 0.0014648724 | L4: 0.0013086193 | M4: 0.0011523663
B5: 8 | C5: 38 | D5: =H20 -> 0.0017578468 | G5: 0.0019726948 | H5: 0.0017578468 | I5: 0.0016601887 | J5: 0.0015429989 | K5: 0.0014453407 | L5: 0.0013086193 | M5: 0.0011523663
B6: 10 | C6: 58 | D6: =I21 -> 0.0016211254 | G6: 0.0019140999 | H6: 0.0016992519 | I6: 0.0016797203 | J6: 0.0015429989 | K6: 0.0014453407 | L6: 0.0012890877 | M6: 0.0011328346
B7: 12 | C7: 81 | D7: =J20 -> 0.0015820621 | G7: 0.0019336315 | H7: 0.0017187836 | I7: 0.0016797203 | J7: 0.0015234673 | K7: 0.0014453407 | L7: 0.0013086193 | M7: 0.0011718979
B8: 15 | C8: 123 | D8: =K20 -> 0.0014453407 | G8: 0.0019140999 | H8: 0.0017383152 | I8: 0.0016601887 | J8: 0.0015429989 | K8: 0.0014453407 | L8: 0.0012890877 | M8: 0.0011328346
B9: 20 | C9: 210 | D9: =L20 -> 0.0013086193 | G9: 0.0019140999 | H9: 0.0018164417 | I9: 0.0017773785 | J9: 0.0016015938 | K9: 0.0014648724 | L9: 0.0014062775 | M9: 0.0011328346
B10: 30 | C10: 415 | D10: =M20 -> 0.001113303 | G10: 0.001855505 | H10: 0.0017578468 | I10: 0.0017187836 | J10: 0.0015820621 | K10: 0.0014453407 | L10: 0.0013476826 | M10: 0.001113303
G11: 0.0018750366 | H11: 0.0017578468 | I11: 0.0016992519 | J11: 0.0015820621 | K11: 0.0014453407 | L11: 0.0013281509 | M11: 0.0011328346
G12: 0.0018945683 | H12: 0.0017187836 | I12: 0.0016992519 | J12: 0.0015820621 | K12: 0.0014648724 | L12: 0.0013476826 | M12: 0.0011328346
G13: 0.0019726948 | H13: 0.0017578468 | I13: 0.0016211254 | J13: 0.0015820621 | K13: 0.0014648724 | L13: 0.0014062775 | M13: 0.001113303
G14: 0.0019336315 | H14: 0.0018945683 | I14: 0.0017187836 | J14: 0.0015820621 | K14: 0.0014453407 | L14: 0.0013476826 | M14: 0.001113303
G15: 0.0019336315 | H15: 0.0017969101 | I15: 0.0016211254 | J15: 0.0015429989 | K15: 0.0014258091 | L15: 0.0013281509 | M15: 0.001113303
G16: 0.0019336315 | H16: 0.0017773785 | I16: 0.0016211254 | J16: 0.0015625305 | K16: 0.0014258091 | L16: 0.0013476826 | M16: 0.0010937714
H17: 0.0017578468 | I17: 0.001640657
H18: 0.0017383152 | I18: 0.0016211254
H19: 0.0017383152
F20: TOFs | G20: {=_xlfn.MODE.MULT(G4:G19)} -> 0.0019336315 | H20: {=_xlfn.MODE.MULT(H4:H19)} -> 0.0017578468 | I20: {=_xlfn.MODE.MULT(I4:I19)} -> 0.0017187836 | J20: {=_xlfn.MODE.MULT(J4:J19)} -> 0.0015820621 | K20: {=_xlfn.MODE.MULT(K4:K19)} -> 0.0014453407 | L20: {=_xlfn.MODE.MULT(L4:L19)} -> 0.0013086193 | M20: {=_xlfn.MODE.MULT(M4:M19)} -> 0.001113303
G21: =G5 -> 0.0019726948 | I21: 0.0016211254
I22: 0.0016211254

Sheet ConPlaca#1
P2: MAX | Q2: =MAX(P4:P385) -> 1.4926679 | T2: MAX | U2: =MAX(T4:T385) -> 1.4813529 | X2: MAX | Y2: =MAX(X4:X385) -> 1.6139001 | AC2: MAX | AD2: =MAX(AB4:AB385) -> 1.6142234
N3: TOF #1 | Q3: Normalized | R3: TOF #2 | U3: Normalized | V3: TOF #3 | Y3: Normalized | Z3: TOF #4 | AC3: Normalized
N4: 72.885304 | O4: =N4-$N$4 -> 0 | P4: 0.001996126 | Q4: =P4/$Q$2 -> 0.0013372874 | R4: 24.031463 | S4: =R4-$R$4 -> 0 | T4: 0.009431704 | U4: =T4/$U$2 -> 0.006366953 | V4: 51.981606 | W4: =V4-$V$4 -> 0 | X4: -0.003823022 | Y4: =X4/$Y$2 -> -0.0023688095 | Z4: 62.996889 | AA4: =Z4-$Z$4 -> 0 | AB4: 0.006198844 | AC4: =AB4/$AD$2 -> 0.0038401401
F5: M4_56_Mod_ConPlaca - PabloMajo2 | N5: 72.885314 | O5: =N5-$N$4 -> 1.00001e-05 | P5: -0.009965456 | Q5: =P5/$Q$2 -> -0.0066762715 | R5: 24.031473 | S5: =R5-$R$4 -> 1.00001e-05 | T5: -0.001236734 | U5: =T5/$U$2 -> -0.00083486793 | V5: 51.981616 | W5: =V5-$V$4 -> 1.00001e-05 | X5: -0.00156002 | Y5: =X5/$Y$2 -> -0.00096661496 | Z5: 62.996899 | AA5: =Z5-$Z$4 -> 1.00001e-05 | AB5: 0.002642698 | AC5: =AB5/$AD$2 -> 0.0016371327
N6: 72.885324 | O6: =N6-$N$4 -> 2.00002e-05 | P6: 0.00167284 | Q6: =P6/$Q$2 -> 0.0011207048 | R6: 24.031483 | S6: =R6-$R$4 -> 2.00002e-05 | T6: 0.002965984 | U6: =T6/$U$2 -> 0.002002213 | V6: 51.981626 | W6: =V6-$V$4 -> 2.00002e-05 | X6: -0.005439452 | Y6: =X6/$Y$2 -> -0.0033703771 | Z6: 62.996909 | AA6: =Z6-$Z$4 -> 2.00002e-05 | AB6: 0.002965984 | AC6: =AB6/$AD$2 -> 0.0018374061
N7: 72.885334 | O7: =N7-$N$4 -> 3.00003e-05 | P7: -0.002853164 | Q7: =P7/$Q$2 -> -0.0019114527 | R7: 24.031493 | S7: =R7-$R$4 -> 3.00003e-05 | T7: -0.003499736 | U7: =T7/$U$2 -> -0.0023625269 | V7: 51.981636 | W7: =V7-$V$4 -> 3.00003e-05 | X7: 0.001026268 | Y7: =X7/$Y$2 -> 0.00063589313 | Z7: 62.996919 | AA7: =Z7-$Z$4 -> 3.00003e-05 | AB7: 0.00652213 | AC7: =AB7/$AD$2 -> 0.0040404135
N8: 72.885344 | O8: =N8-$N$4 -> 4.00004e-05 | P8: -0.010935314 | Q8: =P8/$Q$2 -> -0.0073260195 | R8: 24.031503 | S8: =R8-$R$4 -> 4.00004e-05 | T8: 0.008461846 | U8: =T8/$U$2 -> 0.005712242 | V8: 51.981646 | W8: =V8-$V$4 -> 4.00004e-05 | X8: -0.002206592 | Y8: =X8/$Y$2 -> -0.001367242 | Z8: 62.996929 | AA8: =Z8-$Z$4 -> 4.00004e-05 | AB8: -0.004146308 | AC8: =AB8/$AD$2 -> -0.0025686085
N9: 72.885354 | O9: =N9-$N$4 -> 5.00005e-05 | P9: 0.000379696 | Q9: =P9/$Q$2 -> 0.00025437407 | R9: 24.031513 | S9: =R9-$R$4 -> 5.00005e-05 | T9: 0.01298785 | U9: =T9/$U$2 -> 0.0087675599 | V9: 51.981656 | W9: =V9-$V$4 -> 5.00005e-05 | X9: -0.002529878 | Y9: =X9/$Y$2 -> -0.0015675555 | Z9: 62.996939 | AA9: =Z9-$Z$4 -> 5.00005e-05 | AB9: 0.013957708 | AC9: =AB9/$AD$2 -> 0.0086467015
N10: 72.885364 | O10: =N10-$N$4 -> 6.00006e-05 | P10: -0.000266876 | Q10: =P10/$Q$2 -> -0.00017879128 | R10: 24.031523 | S10: =R10-$R$4 -> 6.00006e-05 | T10: 0.010724848 | U10: =T10/$U$2 -> 0.007239901 | V10: 51.981666 | W10: =V10-$V$4 -> 6.00006e-05 | X10: -0.005116166 | Y10: =X10/$Y$2 -> -0.0031700636 | Z10: 62.996949 | AA10: =Z10-$Z$4 -> 6.00006e-05 | AB10: 0.006845416 | AC10: =AB10/$AD$2 -> 0.0042406869
N11: 72.885374 | O11: =N11-$N$4 -> 7.00007e-05 | P11: -0.007379168 | Q11: =P11/$Q$2 -> -0.0049436101 | R11: 24.031533 | S11: =R11-$R$4 -> 7.00007e-05 | T11: -0.000266876 | U11: =T11/$U$2 -> -0.00018015694 | V11: 51.981676 | W11: =V11-$V$4 -> 7.00007e-05 | X11: -0.007379168 | Y11: =X11/$Y$2 -> -0.0045722582 | Z11: 62.996959 | AA11: =Z11-$Z$4 -> 7.00007e-05 | AB11: 5.641e-05 | AC11: =AB11/$AD$2 -> 3.4945597e-05
N12: 72.885384 | O12: =N12-$N$4 -> 8.00008e-05 | P12: 0.001026268 | Q12: =P12/$Q$2 -> 0.00068753942 | R12: 24.031543 | S12: =R12-$R$4 -> 8.00008e-05 | T12: -0.009318884 | U12: =T12/$U$2 -> -0.0062907929 | V12: 51.981686 | W12: =V12-$V$4 -> 8.00008e-05 | X12: -0.003499736 | Y12: =X12/$Y$2 -> -0.002168496 | Z12: 62.996969 | AA12: =Z12-$Z$4 -> 8.00008e-05 | AB12: -0.000913448 | AC12: =AB12/$AD$2 -> -0.00056587458
N13: 72.885394 | O13: =N13-$N$4 -> 9.00009e-05 | P13: 0.003935842 | Q13: =P13/$Q$2 -> 0.0026367835 | R13: 24.031553 | S13: =R13-$R$4 -> 9.00009e-05 | T13: 0.001349554 | U13: =T13/$U$2 -> 0.00091102804 | V13: 51.981696 | W13: =V13-$V$4 -> 9.00009e-05 | X13: -0.005439452 | Y13: =X13/$Y$2 -> -0.0033703771 | Z13: 62.996979 | AA13: =Z13-$Z$4 -> 9.00009e-05 | AB13: 0.001349554 | AC13: =AB13/$AD$2 -> 0.00083603917
N14: 72.885404 | O14: =N14-$N$4 -> 0.000100001 | P14: -0.004469594 | Q14: =P14/$Q$2 -> -0.0029943661 | R14: 24.031563 | S14: =R14-$R$4 -> 0.000100001 | T14: 0.004582414 | U14: =T14/$U$2 -> 0.003093398 | V14: 51.981706 | W14: =V14-$V$4 -> 0.000100001 | X14: 0.001349554 | Y14: =X14/$Y$2 -> 0.00083620664 | Z14: 62.996989 | AA14: =Z14-$Z$4 -> 0.000100001 | AB14: 0.002965984 | AC14: =AB14/$AD$2 -> 0.0018374061
N15: 72.885414 | O15: =N15-$N$4 -> 0.0001100011 | P15: -0.00640931 | Q15: =P15/$Q$2 -> -0.0042938621 | R15: 24.031573 | S15: =R15-$R$4 -> 0.0001100011 | T15: 0.003935842 | U15: =T15/$U$2 -> 0.002656924 | V15: 51.981716 | W15: =V15-$V$4 -> 0.0001100011 | X15: -0.011581886 | Y15: =X15/$Y$2 -> -0.0071763338 | Z15: 62.996999 | AA15: =Z15-$Z$4 -> 0.0001100011 | AB15: -0.003823022 | AC15: =AB15/$AD$2 -> -0.0023683351
N16: 72.885424 | O16: =N16-$N$4 -> 0.0001200012 | P16: -0.00156002 | Q16: =P16/$Q$2 -> -0.001045122 | R16: 24.031583 | S16: =R16-$R$4 -> 0.0001200012 | T16: -0.001883306 | U16: =T16/$U$2 -> -0.0012713419 | V16: 51.981726 | W16: =V16-$V$4 -> 0.0001200012 | X16: -0.007055882 | Y16: =X16/$Y$2 -> -0.0043719446 | Z16: 62.997009 | AA16: =Z16-$Z$4 -> 0.0001200012 | AB16: 0.001996126 | AC16: =AB16/$AD$2 -> 0.001236586
N17: 72.885434 | O17: =N17-$N$4 -> 0.0001300013 | P17: 0.001026268 | Q17: =P17/$Q$2 -> 0.00068753942 | R17: 24.031593 | S17: =R17-$R$4 -> 0.0001300013 | T17: 5.641e-05 | U17: =T17/$U$2 -> 3.8080056e-05 | V17: 51.981736 | W17: =V17-$V$4 -> 0.0001300013 | X17: -0.002529878 | Y17: =X17/$Y$2 -> -0.0015675555 | Z17: 62.997019 | AA17: =Z17-$Z$4 -> 0.0001300013 | AB17: 0.003612556 | AC17: =AB17/$AD$2 -> 0.0022379529
... N234: 72.887604 | O234: =N234-$N$4 -> 0.002300023 | P234: -0.018694178 | Q234: =P234/$Q$2 -> -0.012524004 | R234: 24.033763 | S234: =R234-$R$4 -> 0.002300023 | T234: -0.02095718 | U234: =T234/$U$2 -> -0.014147325 | V234: 51.983906 | W234: =V234-$V$4 -> 0.002300023 | X234: -0.020633894 | Y234: =X234/$Y$2 -> -0.012785112 | Z234: 62.999189 | AA234: =Z234-$Z$4 -> 0.002300023 | AB234: -0.014814746 | AC234: =AB234/$AD$2 -> -0.0091776305
N235: 72.887614 | P235: -0.02419004 | Q235: =P235/$Q$2 -> -0.016205909 | U235: =T235/$U$2 -> 0 | Y235: =X235/$Y$2 -> 0 | AC235: =AB235/$AD$2 -> 0
N236: 72.887624 | P236: -0.020633894 | Q236: =P236/$Q$2 -> -0.0138235 | U236: =T236/$U$2 -> 0 | Y236: =X236/$Y$2 -> 0 | AC236: =AB236/$AD$2 -> 0
N237: 72.887634 | P237: -0.03065576 | Q237: =P237/$Q$2 -> -0.020537563 | U237: =T237/$U$2 -> 0 | Y237: =X237/$Y$2 -> 0 | AC237: =AB237/$AD$2 -> 0
N238: 72.887644 | P238: -0.03227219 | Q238: =P238/$Q$2 -> -0.021620476 | U238: =T238/$U$2 -> 0 | Y238: =X238/$Y$2 -> 0 | AC238: =AB238/$AD$2 -> 0
N239: 72.887654 | P239: -0.028716044 | Q239: =P239/$Q$2 -> -0.019238067 | U239: =T239/$U$2 -> 0 | Y239: =X239/$Y$2 -> 0 | AC239: =AB239/$AD$2 -> 0
N240: 72.887664 | P240: -0.001883306 | Q240: =P240/$Q$2 -> -0.0012617047 | U240: =T240/$U$2 -> 0 | Y240: =X240/$Y$2 -> 0 | AC240: =AB240/$AD$2 -> 0
N241: 72.887674 | P241: 0.14973783 | Q241: =P241/$Q$2 -> 0.10031557 | U241: =T241/$U$2 -> 0 | Y241: =X241/$Y$2 -> 0 | AC241: =AB241/$AD$2 -> 0
N242: 72.887684 | P242: 0.1342201 | Q242: =P242/$Q$2 -> 0.089919601 | U242: =T242/$U$2 -> 0 | Y242: =X242/$Y$2 -> 0 | AC242: =AB242/$AD$2 -> 0
N243: 72.887694 | P243: 0.078614908 | Q243: =P243/$Q$2 -> 0.052667381 | U243: =T243/$U$2 -> 0 | Y243: =X243/$Y$2 -> 0 | AC243: =AB243/$AD$2 -> 0
N244: 72.887704 | P244: 0.005228986 | Q244: =P244/$Q$2 -> 0.0035031142 | U244: =T244/$U$2 -> 0 | Y244: =X244/$Y$2 -> 0 | AC244: =AB244/$AD$2 -> 0
N245: 72.887714 | P245: 0.13389681 | Q245: =P245/$Q$2 -> 0.089703019 | U245: =T245/$U$2 -> 0 | Y245: =X245/$Y$2 -> 0 | AC245: =AB245/$AD$2 -> 0
N246: 72.887724 | P246: 0.10609422 | Q246: =P246/$Q$2 -> 0.071076909 | U246: =T246/$U$2 -> 0 | Y246: =X246/$Y$2 -> 0 | AC246: =AB246/$AD$2 -> 0
... N384: 72.889104 | P384: -0.01287503 | Q384: =P384/$Q$2 -> -0.0086255156 | U384: =T384/$U$2 -> 0 | Y384: =X384/$Y$2 -> 0 | AC384: =AB384/$AD$2 -> 0

Sheet SinPlaca#1 
P3: MAX | Q3: =MAX(P5:P385) -> 1.3022524 | T3: MAX | U3: =MAX(T5:T385) -> 1.5799551 | X3: MAX | Y3: =MAX(X5:X385) -> 1.4787666 | AB3: MAX | AC3: =MAX(AB5:AB385) -> 1.4664817
N4: TOF #1 | Q4: Normalized | R4: TOF #2 | U4: Normalized | V4: TOF #3 | Y4: Normalized | Z4: TOF #4 | AC4: Normalized
N5: 7.3542044 | O5: =N5-$N$5 -> 0 | P5: -0.008349026 | Q5: =P5/$Q$3 -> -0.0064112194 | R5: 17.602806 | S5: =R5-$R$5 -> 0 | T5: 0.011048134 | U5: =T5/$U$3 -> 0.0069926886 | V5: 41.955256 | W5: =V5-$V$5 -> 0 | X5: 0.0049057 | Y5: =X5/$Y$3 -> 0.0033174269 | Z5: 51.133557 | AA5: =Z5-$Z$5 -> 0 | AB5: -0.002206592 | AC5: =AB5/$AC$3 -> -0.0015046843
F6: M4_56_Mod_SinPlaca - PabloMajo2 | N6: 7.3542144 | O6: =N6-$N$5 -> 1.00001e-05 | P6: -0.000266876 | Q6: =P6/$Q$3 -> -0.00020493416 | R6: 17.602816 | S6: =R6-$R$5 -> 1.00001e-05 | T6: 0.004582414 | U6: =T6/$U$3 -> 0.0029003445 | V6: 41.955266 | W6: =V6-$V$5 -> 1.00001e-05 | X6: -0.002853164 | Y6: =X6/$Y$3 -> -0.0019294215 | Z6: 51.133567 | AA6: =Z6-$Z$5 -> 1.00001e-05 | AB6: -0.002529878 | AC6: =AB6/$AC$3 -> -0.0017251344
N7: 7.3542244 | O7: =N7-$N$5 -> 2.00002e-05 | P7: -0.010612028 | Q7: =P7/$Q$3 -> -0.0081489793 | R7: 17.602826 | S7: =R7-$R$5 -> 2.00002e-05 | T7: 0.00328927 | U7: =T7/$U$3 -> 0.0020818756 | V7: 41.955276 | W7: =V7-$V$5 -> 2.00002e-05 | X7: -0.002853164 | Y7: =X7/$Y$3 -> -0.0019294215 | Z7: 51.133577 | AA7: =Z7-$Z$5 -> 2.00002e-05 | AB7: 0.00167284 | AC7: =AB7/$AC$3 -> 0.0011407166
N8: 7.3542344 | O8: =N8-$N$5 -> 3.00003e-05 | P8: -0.007379168 | Q8: =P8/$Q$3 -> -0.0056664652 | R8: 17.602836 | S8: =R8-$R$5 -> 3.00003e-05 | T8: 0.010078276 | U8: =T8/$U$3 -> 0.006378837 | V8: 41.955286 | W8: =V8-$V$5 -> 3.00003e-05 | X8: 0.00167284 | Y8: =X8/$Y$3 -> 0.0011312401 | Z8: 51.133587 | AA8: =Z8-$Z$5 -> 3.00003e-05 | AB8: 0.002642698 | AC8: =AB8/$AC$3 -> 0.0018020668
N9: 7.3542444 | O9: =N9-$N$5 -> 4.00004e-05 | P9: -0.007379168 | Q9: =P9/$Q$3 -> -0.0056664652 | R9: 17.602846 | S9: =R9-$R$5 -> 4.00004e-05 | T9: -0.00317645 | U9: =T9/$U$3 -> -0.0020104685 | V9: 41.955296 | W9: =V9-$V$5 -> 4.00004e-05 | X9: 0.00167284 | Y9: =X9/$Y$3 -> 0.0011312401 | Z9: 51.133597 | AA9: =Z9-$Z$5 -> 4.00004e-05 | AB9: 0.005875558 | AC9: =AB9/$AC$3 -> 0.0040065675
N10: 7.3542544 | O10: =N10-$N$5 -> 5.00005e-05 | P10: -0.007055882 | Q10: =P10/$Q$3 -> -0.0054182138 | R10: 17.602856 | S10: =R10-$R$5 -> 5.00005e-05 | T10: 0.007491988 | U10: =T10/$U$3 -> 0.0047418993 | V10: 41.955306 | W10: =V10-$V$5 -> 5.00005e-05 | X10: -0.00156002 | Y10: =X10/$Y$3 -> -0.0010549468 | Z10: 51.133607 | AA10: =Z10-$Z$5 -> 5.00005e-05 | AB10: 0.002642698 | AC10: =AB10/$AC$3 -> 0.0018020668
N11: 7.3542644 | O11: =N11-$N$5 -> 6.00006e-05 | P11: 0.000379696 | Q11: =P11/$Q$3 -> 0.00029156867 | R11: 17.602866 | S11: =R11-$R$5 -> 6.00006e-05 | T11: 0.003612556 | U11: =T11/$U$3 -> 0.0022864928 | V11: 41.955316 | W11: =V11-$V$5 -> 6.00006e-05 | X11: -0.002853164 | Y11: =X11/$Y$3 -> -0.0019294215 | Z11: 51.133617 | AA11: =Z11-$Z$5 -> 6.00006e-05 | AB11: 0.001026268 | AC11: =AB11/$AC$3 -> 0.00069981644
N12: 7.3542744 | O12: =N12-$N$5 -> 7.00007e-05 | P12: -0.005439452 | Q12: =P12/$Q$3 -> -0.0041769567 | R12: 17.602876 | S12: =R12-$R$5 -> 7.00007e-05 | T12: 0.002319412 | U12: =T12/$U$3 -> 0.001468024 | V12: 41.955326 | W12: =V12-$V$5 -> 7.00007e-05 | X12: -0.000266876 | Y12: =X12/$Y$3 -> -0.00018047203 | Z12: 51.133627 | AA12: =Z12-$Z$5 -> 7.00007e-05 | AB12: 0.001349554 | AC12: =AB12/$AC$3 -> 0.00092026651
N13: 7.3542844 | O13: =N13-$N$5 -> 8.00008e-05 | P13: -0.005439452 | Q13: =P13/$Q$3 -> -0.0041769567 | R13: 17.602886 | S13: =R13-$R$5 -> 8.00008e-05 | T13: -0.001883306 | U13: =T13/$U$3 -> -0.0011919997 | V13: 41.955336 | W13: =V13-$V$5 -> 8.00008e-05 | X13: 0.001996126 | Y13: =X13/$Y$3 -> 0.0013498588 | Z13: 51.133637 | AA13: =Z13-$Z$5 -> 8.00008e-05 | AB13: 0.000379696 | AC13: =AB13/$AC$3 -> 0.00025891629
N14: 7.3542944 | O14: =N14-$N$5 -> 9.00009e-05 | P14: -0.008995598 | Q14: =P14/$Q$3 -> -0.0069077222 | R14: 17.602896 | S14: =R14-$R$5 -> 9.00009e-05 | T14: -0.000266876 | U14: =T14/$U$3 -> -0.00016891366 | V14: 41.955346 | W14: =V14-$V$5 -> 9.00009e-05 | X14: -0.002206592 | Y14: =X14/$Y$3 -> -0.0014921841 | Z14: 51.133647 | AA14: =Z14-$Z$5 -> 9.00009e-05 | AB14: 0.001349554 | AC14: =AB14/$AC$3 -> 0.00092026651
N15: 7.3543044 | O15: =N15-$N$5 -> 0.000100001 | P15: -0.00802574 | Q15: =P15/$Q$3 -> -0.006162968 | R15: 17.602906 | S15: =R15-$R$5 -> 0.000100001 | T15: 0.010401562 | U15: =T15/$U$3 -> 0.0065834542 | V15: 41.955356 | W15: =V15-$V$5 -> 0.000100001 | X15: -0.004146308 | Y15: =X15/$Y$3 -> -0.0028038962 | Z15: 51.133657 | AA15: =Z15-$Z$5 -> 0.000100001 | AB15: 0.001026268 | AC15: =AB15/$AC$3 -> 0.00069981644
N16: 7.3543144 | O16: =N16-$N$5 -> 0.0001100011 | P16: -0.00964217 | Q16: =P16/$Q$3 -> -0.0074042251 | R16: 17.602916 | S16: =R16-$R$5 -> 0.0001100011 | T16: 0.008461846 | U16: =T16/$U$3 -> 0.005355751 | V16: 41.955366 | W16: =V16-$V$5 -> 0.0001100011 | X16: -0.00156002 | Y16: =X16/$Y$3 -> -0.0010549468 | Z16: 51.133667 | AA16: =Z16-$Z$5 -> 0.0001100011 | AB16: 0.00167284 | AC16: =AB16/$AC$3 -> 0.0011407166
N17: 7.3543244 | O17: =N17-$N$5 -> 0.0001200012 | P17: -0.00640931 | Q17: =P17/$Q$3 -> -0.004921711 | R17: 17.602926 | S17: =R17-$R$5 -> 0.0001200012 | T17: 0.001996126 | U17: =T17/$U$3 -> 0.0012634068 | V17: 41.955376 | W17: =V17-$V$5 -> 0.0001200012 | X17: -0.00156002 | Y17: =X17/$Y$3 -> -0.0010549468 | Z17: 51.133677 | AA17: =Z17-$Z$5 -> 0.0001200012 | AB17: 0.001026268 | AC17: =AB17/$AC$3 -> 0.00069981644
N18: 7.3543344 | O18: =N18-$N$5 -> 0.0001300013 | P18: -0.004146308 | Q18: =P18/$Q$3 -> -0.0031839511 | R18: 17.602936 | S18: =R18-$R$5 -> 0.0001300013 | T18: 0.002965984 | U18: =T18/$U$3 -> 0.0018772584 | V18: 41.955386 | W18: =V18-$V$5 -> 0.0001300013 | X18: -0.00479288 | Y18: =X18/$Y$3 -> -0.0032411336 | Z18: 51.133687 | AA18: =Z18-$Z$5 -> 0.0001300013 | AB18: 0.001349554 | AC18: =AB18/$AC$3 -> 0.00092026651
... N235: 7.3565044 | O235: =N235-$N$5 -> 0.002300023 | P235: 0.043053448 | Q235: =P235/$Q$3 -> 0.033060755 | R235: 17.605106 | S235: =R235-$R$5 -> 0.002300023 | T235: 0.065360182 | U235: =T235/$U$3 -> 0.04136838 | V235: 41.957556 | W235: =V235-$V$5 -> 0.002300023 | X235: -0.055872068 | Y235: =X235/$Y$3 -> -0.037782885 | Z235: 51.135857 | AA235: =Z235-$Z$5 -> 0.002300023 | AB235: 0.060834178 | AC235: =AB235/$AC$3 -> 0.04148308
M236: Hasta Aqui | N236: 7.3565144 | P236: 0.046286308 | Q236: =P236/$Q$3 -> 0.035543269 | R236: 17.605116 | T236: 0.052428742 | U236: =T236/$U$3 -> 0.033183691 | V236: 41.957566 | X236: -0.03227219 | Y236: =X236/$Y$3 -> -0.021823722 | Z236: 51.135867 | AB236: 0.099305212 | AC236: =AB236/$AC$3 -> 0.067716639
N237: 7.3565244 | P237: 0.073119046 | Q237: =P237/$Q$3 -> 0.056148136 | R237: 17.605126 | T237: 0.047256166 | U237: =T237/$U$3 -> 0.029909816 | V237: 41.957576 | X237: -0.011905172 | Y237: =X237/$Y$3 -> -0.0080507446 | Z237: 51.135877 | AB237: 0.14230225 | AC237: =AB237/$AC$3 -> 0.097036499
N238: 7.3565344 | P238: 0.13098724 | Q238: =P238/$Q$3 -> 0.10058514 | R238: 17.605136 | T238: 0.0372343 | U238: =T238/$U$3 -> 0.023566682 | V238: 41.957586 | X238: 0.10480107 | Y238: =X238/$Y$3 -> 0.0708706 | Z238: 51.135887 | AB238: 0.19047186 | AC238: =AB238/$AC$3 -> 0.12988356
N239: 7.3565444 | P239: 0.1481214 | Q239: =P239/$Q$3 -> 0.11374246 | R239: 17.605146 | T239: 0.01622071 | U239: =T239/$U$3 -> 0.010266564 | V239: 41.957596 | X239: -0.003499736 | Y239: =X239/$Y$3 -> -0.0023666589 | Z239: 51.135897 | AB239: 0.21859775 | AC239: =AB239/$AC$3 -> 0.14906272
N240: 7.3565544 | P240: 0.10577093 | Q240: =P240/$Q$3 -> 0.081221529 | R240: 17.605156 | T240: 0.015897424 | U240: =T240/$U$3 -> 0.010061947 | V240: 41.957606 | X240: 0.008461846 | Y240: =X240/$Y$3 -> 0.0057222324 | Z240: 51.135907 | AB240: 0.24187434 | AC240: =AB240/$AC$3 -> 0.16493512
N241: 7.3565644 | P241: 0.058894462 | Q241: =P241/$Q$3 -> 0.045225074 | R241: 17.605166 | T241: 0.017190568 | U241: =T241/$U$3 -> 0.010880416 | V241: 41.957616 | X241: 0.078938194 | Y241: =X241/$Y$3 -> 0.053381105 | Z241: 51.135917 | AB241: 0.24187434 | AC241: =AB241/$AC$3 -> 0.16493512
N242: 7.3565744 | P242: 0.036911014 | Q242: =P242/$Q$3 -> 0.028343978 | R242: 17.605176 | T242: 5.641e-05 | U242: =T242/$U$3 -> 3.5703546e-05 | V242: 41.957626 | X242: 0.075382048 | Y242: =X242/$Y$3 -> 0.0509763 | Z242: 51.135927 | AB242: 0.22474018 | AC242: =AB242/$AC$3 -> 0.15325127
N243: 7.3565844 | P243: 0.036587728 | Q243: =P243/$Q$3 -> 0.028095727 | R243: 17.605186 | T243: -0.029362616 | U243: =T243/$U$3 -> -0.018584462 | V243: 41.957636 | X243: 0.021393286 | Y243: =X243/$Y$3 -> 0.01446698 | Z243: 51.135937 | AB243: 0.18756229 | AC243: =AB243/$AC$3 -> 0.12789951
N244: 7.3565944 | P244: 0.060834178 | Q244: =P244/$Q$3 -> 0.046714582 | R244: 17.605196 | T244: -0.049406348 | U244: =T244/$U$3 -> -0.031270729 | V244: 41.957646 | X244: 0.070532758 | Y244: =X244/$Y$3 -> 0.047697019 | Z244: 51.135947 | AB244: 0.15943641 | AC244: =AB244/$AC$3 -> 0.10872035
N245: 7.3566044 | P245: -0.017401034 | Q245: =P245/$Q$3 -> -0.013362259 | R245: 17.605206 | T245: -0.021927038 | U245: =T245/$U$3 -> -0.013878267 | V245: 41.957656 | X245: 0.095749066 | Y245: =X245/$Y$3 -> 0.064749277 | Z245: 51.135957 | AB245: 0.12419823 | AC245: =AB245/$AC$3 -> 0.084691294
N246: 7.3566144 | P246: 0.000702982 | Q246: =P246/$Q$3 -> 0.00053982008 | R246: 17.605216 | T246: 0.010724848 | U246: =T246/$U$3 -> 0.0067880714 | V246: 41.957666 | X246: 0.13518996 | Y246: =X246/$Y$3 -> 0.091420756 | Z246: 51.135967 | AB246: 0.10480107 | AC246: =AB246/$AC$3 -> 0.07146429
N247: 7.3566244 | P247: 0.026565862 | Q247: =P247/$Q$3 -> 0.020399933 | R247: 17.605226 | T247: 0.01945357 | U247: =T247/$U$3 -> 0.012312736 | V247: 41.957676 | X247: 0.15006111 | Y247: =X247/$Y$3 -> 0.10147722 | Z247: 51.135977 | AB247: 0.075705334 | AC247: =AB247/$AC$3 -> 0.051623783
N248: 7.3566344 | P248: 0.006845416 | Q248: =P248/$Q$3 -> 0.0052565969 | R248: 17.605236 | T248: -0.010935314 | U248: =T248/$U$3 -> -0.0069212815 | V248: 41.957686 | X248: 0.24122777 | Y248: =X248/$Y$3 -> 0.16312768 | Z248: 51.135987 | AB248: 0.062450608 | AC248: =AB248/$AC$3 -> 0.04258533
... N385: 7.3580045 | P385: -0.026129756 | Q385: =P385/$Q$3 -> -0.020065047 | R385: 17.606606 | T385: -0.02903933 | U385: =T385/$U$3 -> -0.018379845 | V385: 41.959056 | X385: -0.031948904 | Y385: =X385/$Y$3 -> -0.021605103 | Z385: 51.137357 | AB385: -0.019987322 | AC385: =AB385/$AC$3 -> -0.013629438

Sheet CurvasCompactación
B4: 56 Golpes Mod
B5: Humedad | C5: Den. Seca
B6: =[1]Mediciones!I36 -> 0.11805226 | C6: =[1]Mediciones!J36 -> 1.7637281
B7: =[1]Mediciones!I37 -> 0.096678108 | C7: =[1]Mediciones!J37 -> 1.6822689
B8: =[1]Mediciones!I38 -> 0.080713111 | C8: =[1]Mediciones!J38 -> 1.6483734 | L8: x2 | M8: x | N8: c
B9: =[1]Mediciones!I49 -> 0.14308617 | C9: =[1]Mediciones!J49 -> 1.7772422 | L9: -101.47 | M9: 28.233 | N9: -0.2656
B10: =[1]Mediciones!I50 -> 0.17279256 | C10: =[1]Mediciones!J50 -> 1.6951263 | K10: MAX | L10: =-M9/(L9*2) -> 0.13911994
B11: =[1]Mediciones!I51 -> 0.18634375 | C11: =[1]Mediciones!J51 -> 1.6321785 | K11: DENSIDAD | L11: =L10^2*L9+L10*M9+N9 -> 1.6982866
K12: 95% Opt. | L12: =L11*0.95 -> 1.6133723
B13: 25 Golpes Mod
B14: Humedad | C14: Den. Seca
B15: =[1]Mediciones!I35 -> 0.11843409 | C15: =[1]Mediciones!J35 -> 1.6584292
B16: =[1]Mediciones!I54 -> 0.13297333 | C16: =[1]Mediciones!J54 -> 1.686719 | L16: 1.5284579
B17: =[1]Mediciones!I55 -> 0.15578764 | C17: =[1]Mediciones!J55 -> 1.6784849
B18: =[1]Mediciones!I56 -> 0.16935065 | C18: =[1]Mediciones!J56 -> 1.6019546
B20: 25 Golpes EST
B21: Humedad | C21: Den. Seca
B22: 0.11589041 | C22: 1.4806779 | K22: 0.05
B23: 0.13460443 | C23: 1.490469 | K23: 0.21
B24: 0.1402803 | C24: 1.5294345
B25: 0.15156951 | C25: 1.5475075 | K25: 1.58
B26: 0.16556029 | C26: 1.6090049 | K26: 1.8
B27: 0.19470447 | C27: 1.6060303

Sheet Ceramica_TOFvsOndaP
B2: MEDICIÓN #1
B4: Datos Probetas | O4: Análisis Velocidad Onda P | AH4: Mod. E Pelotazo
B5: Probeta | C5: Energía | D5: Altura | E5: Diámetro | F5: Volumen | G5: Masa | H5: Densidad | I5: Humedad | J5: Den. Seca | K5: GS | L5: e | M5: Saturación | O5: Poisson | P5: TV1 | Q5: TV2 | R5: TV3 | S5: TV4 | T5: TV5 | AB5: TV prom | AD5: Mod E | AH5: TOF1 | AI5: TOF2 | AJ5: TOF3 | AK5: TOF4 | AL5: TOF5 | AM5: TOF Prom | AN5: E1 | AO5: E2 | AP5: E3 | AQ5: E4 | AR5: E5 | AT5: Mod E
B6: - | C6: Golpes | D6: mm | E6: mm | F6: cm3 | G6: g | H6: g/cm3 | I6: % | J6: g/cm3 | K6: - | L6: - | M6: % | O6: - | P6: us | Q6: us | R6: us | S6: us | T6: us | AB6: us | AD6: Mpa | AH6: s | AI6: s | AJ6: s | AK6: s | AL6: s | AM6: s | AN6: Mpa | AO6: Mpa | AP6: Mpa | AQ6: Mpa | AR6: Mpa | AT6: Mpa
B7: Masa 1 | C7: 25 | D7: 116.5 | E7: 102 | F7: =(D7/10)*(PI()/4)*((E7/10)^2) -> 951.95441 | G7: 1931.2 | H7: =G7/F7 -> 2.0286686 | I7: 0.13873393 | J7: =H7/(1+I7) -> 1.7815124 | K7: 2.5 | L7: =K7/J7-1 -> 0.40330208 | M7: =I7*(K7/L7) -> 0.85998771
B8: Masa 2 | C8: 25 | D8: 117.7 | E8: 101.8 | F8: =(D8/10)*(PI()/4)*((E8/10)^2) -> 957.99204 | G8: 1925 | H8: =G8/F8 -> 2.0094113 | I8: 0.1654157 | J8: =H8/(1+I8) -> 1.7242013 | K8: 2.5 | L8: =K8/J8-1 -> 0.44994671 | M8: =I8*(K8/L8) -> 0.91908497
B9: Masa 3 | C9: 25 | D9: 116.9 | E9: 101.1 | F9: =(D9/10)*(PI()/4)*((E9/10)^2) -> 938.44042 | G9: 1837 | H9: =G9/F9 -> 1.9575031 | I9: 0.1839677 | J9: =H9/(1+I9) -> 1.6533416 | K9: 2.5 | L9: =K9/J9-1 -> 0.5120892 | M9: =I9*(K9/L9) -> 0.89812333
B10: Masa 4 | C10: 25 | D10: =AVERAGE(D9,D12) -> 116.69 | E10: 102.2 | F10: =(D10/10)*(PI()/4)*((E10/10)^2) -> 957.24986 | G10: 1795.5 | H10: =G10/F10 -> 1.8756858 | I10: 0.10371452 | J10: =H10/(1+I10) -> 1.6994302 | K10: 2.5 | L10: =K10/J10-1 -> 0.47108128 | M10: =I10*(K10/L10) -> 0.55040674
B11: Masa 5 | C11: 25 | D11: 118.3 | E11: 101.5 | F11: =(D11/10)*(PI()/4)*((E11/10)^2) -> 957.20886 | G11: 1943.5 | H11: =G11/F11 -> 2.0303824 | I11: 0.15280665 | J11: =H11/(1+I11) -> 1.7612514 | K11: 2.5 | L11: =K11/J11-1 -> 0.41944526 | M11: =I11*(K11/L11) -> 0.91076636
B12: Masa 6 | C12: 25 | D12: 116.48 | E12: 101.8 | F12: =(D12/10)*(PI()/4)*((E12/10)^2) -> 948.06213 | G12: 1888.5 | H12: =G12/F12 -> 1.9919581 | I12: 0.17336269 | J12: =H12/(1+I12) -> 1.6976491 | K12: 2.5 | L12: =K12/J12-1 -> 0.47262474 | M12: =I12*(K12/L12) -> 0.9170208
B13: Masa 7 | C13: 25 | D13: 115.88 | E13: 101.5 | F13: =(D13/10)*(PI()/4)*((E13/10)^2) -> 937.62775 | G13: 1918.5 | H13: =G13/F13 -> 2.0461212 | I13: 0.19547775 | J13: =H13/(1+I13) -> 1.711551 | K13: 2.5 | L13: =K13/J13-1 -> 0.46066343 | M13: =I13*(K13/L13) -> 1.0608491
B15: MEDICIÓN #2
B17: Datos Probetas | O17: Análisis Velocidad Onda P | AH17: Mod. E Pelotazo
B18: Probeta | C18: Energía | D18: Altura | E18: Diámetro | F18: Volumen | G18: Masa | H18: Densidad | I18: Humedad | J18: Den. Seca | K18: GS | L18: e | M18: Saturación | O18: Poisson | P18: TV1 | Q18: TV2 | R18: TV3 | S18: TV4 | T18: TV5 | AB18: TV prom | AD18: Mod E | AH18: TOF1 | AI18: TOF2 | AJ18: TOF3 | AK18: TOF4 | AL18: TOF5 | AM18: TOF Prom | AN18: E1 | AO18: E2 | AP18: E3 | AQ18: E4 | AR18: E5 | AT18: Mod E
B19: - | C19: Golpes | D19: mm | E19: mm | F19: cm3 | G19: g | H19: g/cm3 | I19: % | J19: g/cm3 | K19: - | L19: - | M19: % | O19: - | P19: us | Q19: us | R19: us | S19: us | T19: us | AB19: us | AD19: Mpa | AH19: s | AI19: s | AJ19: s | AK19: s | AL19: s | AM19: s | AN19: Mpa | AO19: Mpa | AP19: Mpa | AQ19: Mpa | AR19: Mpa | AT19: Mpa
B20: Masa 1 | C20: 25 | D20: 116.6 | E20: 102.7 | F20: =(D20/10)*(PI()/4)*((E20/10)^2) -> 965.89367 | G20: 1886.25 | H20: =G20/F20 -> 1.9528547 | I20: 0.20908379 | J20: =H20/(1+I20) -> 1.6151525 | K20: 2.5 | L20: =K20/J20-1 -> 0.54784145 | M20: =I20*(K20/L20) -> 0.95412545
B21: Masa 2 | C21: 25 | D21: 117.7 | E21: 101.9 | F21: =(D21/10)*(PI()/4)*((E21/10)^2) -> 959.87507 | G21: 1876.16 | H21: =G21/F21 -> 1.9545877 | I21: 0.17261905 | J21: =H21/(1+I21) -> 1.6668565 | K21: 2.5 | L21: =K21/J21-1 -> 0.49982916 | M21: =I21*(K21/L21) -> 0.86339024
B22: Masa 3 | C22: 25 | D22: 116.3 | E22: 101.2 | F22: =(D22/10)*(PI()/4)*((E22/10)^2) -> 935.47163 | G22: 1771.46 | H22: =G22/F22 -> 1.8936544 | I22: 0.15281757 | J22: =H22/(1+I22) -> 1.6426315 | K22: 2.5 | L22: =K22/J22-1 -> 0.52194819 | M22: =I22*(K22/L22) -> 0.73195758
B23: Masa 4 | C23: 25 | D23: 119 | E23: 102 | F23: =(D23/10)*(PI()/4)*((E23/10)^2) -> 972.38262 | G23: 1591.26 | H23: =G23/F23 -> 1.6364546 | I23: 0.098525989 | J23: =H23/(1+I23) -> 1.4896822 | K23: 2.5 | L23: =K23/J23-1 -> 0.67821031 | M23: =I23*(K23/L23) -> 0.36318376
B24: Masa 1 | C24: 56 | D24: 119.6 | E24: 101.8 | F24: =(D24/10)*(PI()/4)*((E24/10)^2) -> 973.45665 | G24: 1936.8 | H24: =G24/F24 -> 1.9896109 | I24: 0.17013766 | J24: =H24/(1+I24) -> 1.7003221 | K24: 2.5 | L24: =K24/J24-1 -> 0.47030965 | M24: =I24*(K24/L24) -> 0.90439173
B25: Masa 2 | C25: 56 | D25: 118 | E25: 102.3 | F25: =(D25/10)*(PI()/4)*((E25/10)^2) -> 969.89151 | G25: 1740.16 | H25: =G25/F25 -> 1.7941801 | I25: 0.11027138 | J25: =H25/(1+I25) -> 1.6159833 | K25: 2.5 | L25: =K25/J25-1 -> 0.54704565 | M25: =I25*(K25/L25) -> 0.5039405
B26: Masa 3 | C26: 56 | D26: 116.8 | E26: 101.9 | F26: =(D26/10)*(PI()/4)*((E26/10)^2) -> 952.53533 | G26: 1903.78 | H26: =G26/F26 -> 1.998645 | I26: 0.18211382 | J26: =H26/(1+I26) -> 1.6907382 | K26: 2.5 | L26: =K26/J26-1 -> 0.47864404 | M26: =I26*(K26/L26) -> 0.95119654
B27: Masa 4 | C27: 56 | D27: 118 | E27: 101.7 | F27: =(D27/10)*(PI()/4)*((E27/10)^2) -> 958.54784 | G27: 1839.59 | H27: =G27/F27 -> 1.9191426 | I27: 0.14310051 | J27: =H27/(1+I27) -> 1.6788923 | K27: 2.5 | L27: =K27/J27-1 -> 0.48907709 | M27: =I27*(K27/L27) -> 0.73148239
B28: Masa 5 | C28: 56 | D28: 117.8 | E28: 102 | F28: =(D28/10)*(PI()/4)*((E28/10)^2) -> 962.57708 | G28: 1878.62 | H28: =G28/F28 -> 1.9516567 | I28: 0.21071013 | J28: =H28/(1+I28) -> 1.6119934 | K28: 2.5 | L28: =K28/J28-1 -> 0.55087487 | M28: =I28*(K28/L28) -> 0.95625223
B30: MEDICIÓN #3
B32: Datos Probetas | O32: Análisis Velocidad Onda P | AH32: Mod. E Pelotazo | AW32: Analisis Errores
B33: Probeta | C33: Energía | D33: Altura | E33: Diámetro | F33: Volumen | G33: Masa | H33: Densidad | I33: Humedad | J33: Den. Seca | K33: GS | L33: e | M33: Saturación | O33: Poisson | P33: TV1 | Q33: TV2 | R33: TV3 | S33: TV4 | T33: TV5 | V33: E1 | W33: E2 | X33: E3 | Y33: E4 | Z33: E5 | AA33: Ajuste | AB33: TV prom | AC33: desvest TV | AD33: Mod E | AE33: E prom | AF33: desvest E | AH33: TOF1 | AI33: TOF2 | AJ33: TOF3 | AK33: TOF4 | AL33: TOF5 | AM33: TOF Prom | AN33: E1 | AO33: E2 | AP33: E3 | AQ33: E4 | AR33: E5 | AS33: Mod E | AT33: Mod E | AU33: desvest E | AW33: Diferencia | AX33: % Error
B34: - | C34: Golpes | D34: mm | E34: mm | F34: cm3 | G34: g | H34: g/cm3 | I34: % | J34: g/cm3 | K34: - | L34: - | M34: % | O34: - | P34: us | Q34: us | R34: us | S34: us | T34: us | AB34: us | AD34: Mpa | AH34: s | AI34: s | AJ34: s | AK34: s | AL34: s | AM34: s | AN34: Mpa | AO34: Mpa | AP34: Mpa | AQ34: Mpa | AR34: Mpa | AS34: Average | AT34: Mpa | AW34: Mpa | AX34: %
B35: M1 - Mod | C35: 25 | D35: =AVERAGE(116.3,117.4,117.4) -> 117.03333 | E35: 101 | F35: =(D35/10)*(PI()/4)*((E35/10)^2) -> 937.65312 | G35: 1739.2 | H35: =G35/F35 -> 1.8548437 | I35: 0.11843409 | J35: =H35/(1+I35) -> 1.6584292 | K35: 2.5 | L35: =K35/J35-1 -> 0.50745058 | M35: =I35*(K35/L35) -> 0.583476 | O35: 0.2 | P35: 246.34 | Q35: 244.08 | R35: 254.25 | S35: 223.74 | T35: 256.51 | V35: =(((($D35/10)/P35)*10000)^2)*(($H35*1000*(1+$O35)*(1-2*($O35)))/(1-$O35))/1000000 -> 376.78977 | W35: =(((($D35/10)/Q35)*10000)^2)*(($H35*1000*(1+$O35)*(1-2*($O35)))/(1-$O35))/1000000 -> 383.79967 | X35: =(((($D35/10)/R35)*10000)^2)*(($H35*1000*(1+$O35)*(1-2*($O35)))/(1-$O35))/1000000 -> 353.70977 | Z35: =(((($D35/10)/T35)*10000)^2)*(($H35*1000*(1+$O35)*(1-2*($O35)))/(1-$O35))/1000000 -> 347.50446 | AA35: 100 | AB35: =AVERAGE(T35)+AA35 -> 356.51 | AC35: =_xlfn.STDEV.S(P35:T35) -> 12.96795 | AD35: =((((D35/10)/AB35)*10000)^2)*((H35*1000*(1+O35)*(1-2*(O35)))/(1-O35))/1000000 -> 179.89767 | AE35: =AD35 -> 179.89767 | AF35: =_xlfn.STDEV.S(V35:Z35) -> 17.561095 | AH35: 0.0013500135 | AI35: 0.0013200132 | AJ35: 0.0013700137 | AK35: 0.0013500135 | AL35: 0.0013700137 | AM35: =AVERAGE(AH35:AL35) -> 0.0013520135 | AN35: 224.27854 | AO35: 245.02019 | AP35: 210.45078 | AQ35: 224.27854 | AR35: 210.45078 | AS35: =AVERAGE(AN35:AR35) -> 222.89577 | AT35: 222.89555 | AU35: =_xlfn.STDEV.S(AN35:AR35) -> 14.169241 | AW35: =AD35-AT35 -> -42.997877 | AX35: =ABS(AW35)/AD35 -> 0.23901297
B36: M1 - Mod | C36: 56 | D36: =AVERAGE(116.5,116.2,116.4,116.3) -> 116.35 | E36: 101 | F36: =(D36/10)*(PI()/4)*((E36/10)^2) -> 932.17836 | G36: 1838.2 | H36: =G36/F36 -> 1.9719402 | I36: 0.11805226 | J36: =H36/(1+I36) -> 1.7637281 | K36: 2.5 | L36: =K36/J36-1 -> 0.41745202 | M36: =I36*(K36/L36) -> 0.70698099 | O36: 0.34 | P36: 308.49 | Q36: 341.26 | R36: 341.26 | S36: 359.34 | T36: 368.38 | V36: =(((($D36/10)/P36)*10000)^2)*(($H36*1000*(1+$O36)*(1-2*($O36)))/(1-$O36))/1000000 -> 182.24481 | W36: =(((($D36/10)/Q36)*10000)^2)*(($H36*1000*(1+$O36)*(1-2*($O36)))/(1-$O36))/1000000 -> 148.92465 | X36: =(((($D36/10)/R36)*10000)^2)*(($H36*1000*(1+$O36)*(1-2*($O36)))/(1-$O36))/1000000 -> 148.92465 | Y36: =(((($D36/10)/S36)*10000)^2)*(($H36*1000*(1+$O36)*(1-2*($O36)))/(1-$O36))/1000000 -> 134.31553 | Z36: =(((($D36/10)/T36)*10000)^2)*(($H36*1000*(1+$O36)*(1-2*($O36)))/(1-$O36))/1000000 -> 127.80424 | AA36: 0 | AB36: =P36 -> 308.49 | AC36: =_xlfn.STDEV.S(P36:T36) -> 22.942061 | AD36: =((((D36/10)/AB36)*10000)^2)*((H36*1000*(1+O36)*(1-2*(O36)))/(1-O36))/1000000 -> 182.24481 | AE36: =AD36 -> 182.24481 | AF36: =_xlfn.STDEV.S(V36:Z36) -> 21.027186 | AH36: 0.0013900139 | AI36: 0.0012600126 | AJ36: 0.0013400134 | AK36: 0.0013100131 | AL36: 0.0012900129 | AM36: =AVERAGE(AH36:AL36) -> 0.0013180132 | AN36: 180.60107 | AO36: 222.13458 | AP36: 242.90134 | AQ36: 256.74584 | AR36: 187.52332 | AS36: =AVERAGE(AN36:AR36) -> 217.98123 | AT36: 221.83875 | AU36: =_xlfn.STDEV.S(AN36:AP36) -> 31.721744 | AW36: =AD36-AT36 -> -39.593931 | AX36: =ABS(AW36)/AD36 -> 0.21725683
B37: M2 - Mod | C37: 56 | D37: =AVERAGE(116.3,116.7,116.5) -> 116.5 | E37: 101 | F37: =(D37/10)*(PI()/4)*((E37/10)^2) -> 933.38014 | G37: 1722 | H37: =G37/F37 -> 1.8449075 | I37: 0.096678108 | J37: =H37/(1+I37) -> 1.6822689 | K37: 2.5 | L37: =K37/J37-1 -> 0.48608821 | M37: =I37*(K37/L37) -> 0.49722512 | O37: 0.12 | P37: 243.97907 | Q37: 227.13 | R37: 195.49 | S37: 202.27 | T37: 235.04 | V37: =(((($D37/10)/P37)*10000)^2)*(($H37*1000*(1+$O37)*(1-2*($O37)))/(1-$O37))/1000000 -> 406.88367 | W37: =(((($D37/10)/Q37)*10000)^2)*(($H37*1000*(1+$O37)*(1-2*($O37)))/(1-$O37))/1000000 -> 469.49004 | Y37: =(((($D37/10)/S37)*10000)^2)*(($H37*1000*(1+$O37)*(1-2*($O37)))/(1-$O37))/1000000 -> 591.98736 | Z37: =(((($D37/10)/T37)*10000)^2)*(($H37*1000*(1+$O37)*(1-2*($O37)))/(1-$O37))/1000000 -> 438.42149 | AA37: 80 | AB37: =P37+AA37 -> 323.97907 | AC37: =_xlfn.STDEV.S(P37:T37) -> 21.000422 | AD37: =((((D37/10)/AB37)*10000)^2)*((H37*1000*(1+O37)*(1-2*(O37)))/(1-O37))/1000000 -> 230.74988 | AE37: =AD37 -> 230.74988 | AF37: =_xlfn.STDEV.S(V37:W37,Z37) -> 31.30348 | AH37: 0.0013300133 | AI37: 0.0012800128 | AJ37: 0.0012700127 | AK37: 0.0012500125 | AL37: 0.0012600126 | AM37: =AVERAGE(AH37:AL37) -> 0.0012780128 | AN37: 241.09728 | AO37: 275.69655 | AP37: 282.6164 | AQ37: 296.4561 | AR37: 289.53625 | AS37: =AVERAGE(AN37:AR37) -> 277.08052 | AT37: 277.08026 | AU37: =_xlfn.STDEV.S(AP37:AR37) -> 6.9198523 | AW37: =AD37-AT37 -> -46.330379 | AX37: =ABS(AW37)/AD37 -> 0.20078181
B38: M3 - Mod | C38: 56 | D38: =AVERAGE(116.5,116.2,116.4,116.3) -> 116.35 | E38: 101 | F38: =(D38/10)*(PI()/4)*((E38/10)^2) -> 932.17836 | G38: 1660.6 | H38: =G38/F38 -> 1.7814187 | I38: 0.080713111 | J38: =H38/(1+I38) -> 1.6483734 | K38: 2.5 | L38: =K38/J38-1 -> 0.51664666 | M38: =I38*(K38/L38) -> 0.39056244 | O38: 0.1 | P38: 200.01 | Q38: 242.95 | R38: 201.14 | S38: 218.09 | T38: 215.83 | V38: =(((($D38/10)/P38)*10000)^2)*(($H38*1000*(1+$O38)*(1-2*($O38)))/(1-$O38))/1000000 -> 589.43448 | X38: =(((($D38/10)/R38)*10000)^2)*(($H38*1000*(1+$O38)*(1-2*($O38)))/(1-$O38))/1000000 -> 582.83022 | Y38: =(((($D38/10)/S38)*10000)^2)*(($H38*1000*(1+$O38)*(1-2*($O38)))/(1-$O38))/1000000 -> 495.7554 | Z38: =(((($D38/10)/T38)*10000)^2)*(($H38*1000*(1+$O38)*(1-2*($O38)))/(1-$O38))/1000000 -> 506.19207 | AA38: 30 | AB38: =Q38+AA38 -> 272.95 | AC38: =_xlfn.STDEV.S(P38:T38) -> 17.366744 | AD38: =((((D38/10)/AB38)*10000)^2)*((H38*1000*(1+O38)*(1-2*(O38)))/(1-O38))/1000000 -> 316.4993 | AE38: =AD38 -> 316.4993 | AF38: =_xlfn.STDEV.S(V38,X38:Z38) -> 49.42422 | AH38: 0.0012500125 | AI38: 0.0012200122 | AJ38: 0.0012400124 | AK38: 0.0012400124 | AL38: 0.0012400124 | AM38: =AVERAGE(AH38:AL38) -> 0.0012380124 | AN38: 297.21661 | AO38: 344.91377 | AP38: 310.33618 | AQ38: 310.33618 | AR38: 310.33618 | AS38: =AVERAGE(AN38:AR38) -> 314.62778 | AT38: 305.52195 | AU38: =_xlfn.STDEV.S(AN38:AR38) -> 17.858078 | AW38: =AD38-AT38 -> 10.977352 | AX38: =ABS(AW38)/AD38 -> 0.034683654
B39: M1 - Est | C39: 25 | D39: =AVERAGE(116.3,116.7,116.5) -> 116.5 | E39: 101 | F39: =(D39/10)*(PI()/4)*((E39/10)^2) -> 933.38014 | G39: 1542.2 | H39: =G39/F39 -> 1.6522743 | I39: 0.11589041 | J39: =H39/(1+I39) -> 1.4806779 | K39: 2.5 | L39: =K39/J39-1 -> 0.68841581 | M39: =I39*(K39/L39) -> 0.42085906 | O39: 0.11 | P39: 527.71 | Q39: 461.04 | R39: 482.51 | S39: 500.59 | T39: 498.33 | V39: =(((($D39/10)/P39)*10000)^2)*(($H39*1000*(1+$O39)*(1-2*($O39)))/(1-$O39))/1000000 -> 78.337719 | W39: =(((($D39/10)/Q39)*10000)^2)*(($H39*1000*(1+$O39)*(1-2*($O39)))/(1-$O39))/1000000 -> 102.63237 | X39: =(((($D39/10)/R39)*10000)^2)*(($H39*1000*(1+$O39)*(1-2*($O39)))/(1-$O39))/1000000 -> 93.702016 | Y39: =(((($D39/10)/S39)*10000)^2)*(($H39*1000*(1+$O39)*(1-2*($O39)))/(1-$O39))/1000000 -> 87.055704 | Z39: =(((($D39/10)/T39)*10000)^2)*(($H39*1000*(1+$O39)*(1-2*($O39)))/(1-$O39))/1000000 -> 87.847115 | AA39: 0 | AB39: =AVERAGE(P39:T39) -> 494.036 | AC39: =_xlfn.STDEV.S(P39:T39) -> 24.581072 | AD39: =((((D39/10)/AB39)*10000)^2)*((H39*1000*(1+O39)*(1-2*(O39)))/(1-O39))/1000000 -> 89.380829 | AE39: =AD39 -> 89.380829 | AF39: =_xlfn.STDEV.S(V39:Z39) -> 8.9799518 | AH39: 0.0019200192 | AI39: 0.0018700187 | AJ39: 0.0018600186 | AK39: 0.001900019 | AL39: 0.0019300193 | AM39: =AVERAGE(AH39:AL39) -> 0.001896019 | AN39: 46.693929 | AO39: 53.606398 | AP39: 54.988892 | AQ39: 49.458917 | AR39: 45.311435 | AS39: =AVERAGE(AN39:AR39) -> 50.011914 | AT39: 50.011897 | AU39: =_xlfn.STDEV.S(AN39:AR39) -> 4.2160395 | AW39: =AD39-AT39 -> 39.368931 | AX39: =ABS(AW39)/AD39 -> 0.44046281
B40: M2 - Est | C40: 25 | D40: =AVERAGE(116.5,116.2,116.4,116.3) -> 116.35 | E40: 101 | F40: =(D40/10)*(PI()/4)*((E40/10)^2) -> 932.17836 | G40: 1576.4 | H40: =G40/F40 -> 1.6910927 | I40: 0.13460443 | J40: =H40/(1+I40) -> 1.490469 | K40: 2.5 | L40: =K40/J40-1 -> 0.67732443 | M40: =I40*(K40/L40) -> 0.49682405 | O40: 0.13 | P40: 597.77 | Q40: 474.6 | R40: 523.19 | S40: 461.04 | T40: 493.81 | V40: =(((($D40/10)/P40)*10000)^2)*(($H40*1000*(1+$O40)*(1-2*($O40)))/(1-$O40))/1000000 -> 61.577615 | W40: =(((($D40/10)/Q40)*10000)^2)*(($H40*1000*(1+$O40)*(1-2*($O40)))/(1-$O40))/1000000 -> 97.686743 | X40: =(((($D40/10)/R40)*10000)^2)*(($H40*1000*(1+$O40)*(1-2*($O40)))/(1-$O40))/1000000 -> 80.384484 | Y40: =(((($D40/10)/S40)*10000)^2)*(($H40*1000*(1+$O40)*(1-2*($O40)))/(1-$O40))/1000000 -> 103.51753 | Z40: =(((($D40/10)/T40)*10000)^2)*(($H40*1000*(1+$O40)*(1-2*($O40)))/(1-$O40))/1000000 -> 90.234234 | AA40: 0 | AB40: =AVERAGE(P40:T40) -> 510.082 | AC40: =_xlfn.STDEV.S(P40:T40) -> 54.290591 | AD40: =((((D40/10)/AB40)*10000)^2)*((H40*1000*(1+O40)*(1-2*(O40)))/(1-O40))/1000000 -> 84.568981 | AE40: =AD40 -> 84.568981 | AF40: =_xlfn.STDEV.S(V40:Z40) -> 16.485194 | AH40: 0.0018500185 | AI40: 0.0018500185 | AJ40: 0.0017400174 | AK40: 0.0018700187 | AL40: 0.0018700187 | AM40: =AVERAGE(AH40:AL40) -> 0.0018360184 | AN40: 56.115377 | AO40: 56.115377 | AP40: 71.361921 | AQ40: 53.343279 | AR40: 53.343279 | AS40: =AVERAGE(AN40:AR40) -> 58.055847 | AT40: 58.055829 | AU40: =_xlfn.STDEV.S(AN40:AR40) -> 7.5663572 | AW40: =AD40-AT40 -> 26.513152 | AX40: =ABS(AW40)/AD40 -> 0.31350918
B41: M3 - Est | C41: 25 | D41: =AVERAGE(116.3,116.7,116.5) -> 116.5 | E41: 101 | F41: =(D41/10)*(PI()/4)*((E41/10)^2) -> 933.38014 | G41: 1627.8 | H41: =G41/F41 -> 1.743984 | I41: 0.1402803 | J41: =H41/(1+I41) -> 1.5294345 | K41: 2.5 | L41: =K41/J41-1 -> 0.63459114 | M41: =I41*(K41/L41) -> 0.55264047 | O41: 0.16 | P41: 491.55 | Q41: 491.55 | R41: 517.54 | S41: 553.7 | T41: 586.47 | V41: =(((($D41/10)/P41)*10000)^2)*(($H41*1000*(1+$O41)*(1-2*($O41)))/(1-$O41))/1000000 -> 91.991257 | W41: =(((($D41/10)/Q41)*10000)^2)*(($H41*1000*(1+$O41)*(1-2*($O41)))/(1-$O41))/1000000 -> 91.991257 | X41: =(((($D41/10)/R41)*10000)^2)*(($H41*1000*(1+$O41)*(1-2*($O41)))/(1-$O41))/1000000 -> 82.983952 | Y41: =(((($D41/10)/S41)*10000)^2)*(($H41*1000*(1+$O41)*(1-2*($O41)))/(1-$O41))/1000000 -> 72.499149 | Z41: =(((($D41/10)/T41)*10000)^2)*(($H41*1000*(1+$O41)*(1-2*($O41)))/(1-$O41))/1000000 -> 64.623482 | AA41: -120 | AB41: =Q41+AA41 -> 371.55 | AC41: =_xlfn.STDEV.S(P41:T41) -> 41.369422 | AD41: =((((D41/10)/AB41)*10000)^2)*((H41*1000*(1+O41)*(1-2*(O41)))/(1-O41))/1000000 -> 161.00799 | AE41: =AD41 -> 161.00799 | AF41: =_xlfn.STDEV.S(V41:Z41) -> 12.10207 | AH41: 0.0014100141 | AI41: 0.001400014 | AJ41: 0.0013700137 | AK41: 0.0014200142 | AL41: 0.0015200152 | AM41: =AVERAGE(AH41:AL41) -> 0.0014240142 | AN41: 184.26622 | AO41: 191.18309 | AP41: 211.93369 | AQ41: 177.34936 | AR41: 108.1807 | AS41: =AVERAGE(AN41:AR41) -> 174.58261 | AT41: 174.58244 | AU41: =_xlfn.STDEV.S(AN41:AQ41) -> 14.942138 | AW41: =AD41-AT41 -> -13.57445 | AX41: =ABS(AW41)/AD41 -> 0.084309168
B42: M4 - Est | C42: 25 | D42: =AVERAGE(116.5,116.2,116.4,116.3) -> 116.35 | E42: 101 | F42: =(D42/10)*(PI()/4)*((E42/10)^2) -> 932.17836 | G42: 1661.2 | H42: =G42/F42 -> 1.7820624 | I42: 0.15156951 | J42: =H42/(1+I42) -> 1.5475075 | K42: 2.5 | L42: =K42/J42-1 -> 0.6155011 | M42: =I42*(K42/L42) -> 0.61563459 | O42: 0.22 | P42: 476.86 | Q42: 438.44 | R42: 414.71 | S42: 323.18 | T42: 392.11 | V42: =(((($D42/10)/P42)*10000)^2)*(($H42*1000*(1+$O42)*(1-2*($O42)))/(1-$O42))/1000000 -> 92.92384 | W42: =(((($D42/10)/Q42)*10000)^2)*(($H42*1000*(1+$O42)*(1-2*($O42)))/(1-$O42))/1000000 -> 109.92301 | X42: =(((($D42/10)/R42)*10000)^2)*(($H42*1000*(1+$O42)*(1-2*($O42)))/(1-$O42))/1000000 -> 122.86266 | Y42: =(((($D42/10)/S42)*10000)^2)*(($H42*1000*(1+$O42)*(1-2*($O42)))/(1-$O42))/1000000 -> 202.31123 | Z42: =(((($D42/10)/T42)*10000)^2)*(($H42*1000*(1+$O42)*(1-2*($O42)))/(1-$O42))/1000000 -> 137.43366 | AA42: 0 | AB42: =AVERAGE(P42:T42) -> 409.06 | AC42: =_xlfn.STDEV.S(P42:T42) -> 57.346804 | AD42: =((((D42/10)/AB42)*10000)^2)*((H42*1000*(1+O42)*(1-2*(O42)))/(1-O42))/1000000 -> 126.2801 | AE42: =AD42 -> 126.2801 | AF42: =_xlfn.STDEV.S(V42:X42,Z42) -> 18.936325 | AH42: 0.0017400174 | AI42: 0.0016400164 | AJ42: 0.0016200162 | AK42: 0.0016200162 | AL42: 0.0016400164 | AM42: =AVERAGE(AH42:AL42) -> 0.0016520165 | AN42: 70.371918 | AO42: 84.394703 | AP42: 87.19926 | AQ42: 87.19926 | AR42: 84.394703 | AS42: =AVERAGE(AN42:AR42) -> 82.711969 | AT42: 82.71195 | AU42: =_xlfn.STDEV.S(AN42:AR42) -> 7.0393823 | AW42: =AD42-AT42 -> 43.568147 | AX42: =ABS(AW42)/AD42 -> 0.34501199
B44: MEDICIÓN #4
B46: Datos Probetas | O46: Análisis Velocidad Onda P | AH46: Mod. E Pelotazo | AW46: Analisis Errores
B47: Probeta | C47: Energía | D47: Altura | E47: Diámetro | F47: Volumen | G47: Masa | H47: Densidad | I47: Humedad | J47: Den. Seca | K47: GS | L47: e | M47: Saturación | O47: Poisson | P47: TV1 | Q47: TV2 | R47: TV3 | S47: TV4 | T47: TV5 | AB47: TV prom | AD47: Mod E | AH47: TOF1 | AI47: TOF2 | AJ47: TOF3 | AK47: TOF4 | AL47: TOF5 | AM47: TOF Prom | AN47: E1 | AO47: E2 | AP47: E3 | AQ47: E4 | AR47: E5 | AS47: Mod E | AT47: Mod E | AW47: Diferencia | AX47: % Error
B48: - | C48: Golpes | D48: mm | E48: mm | F48: cm3 | G48: g | H48: g/cm3 | I48: % | J48: g/cm3 | K48: - | L48: - | M48: % | O48: - | P48: us | Q48: us | R48: us | S48: us | T48: us | AB48: us | AD48: Mpa | AH48: s | AI48: s | AJ48: s | AK48: s | AL48: s | AM48: s | AN48: Mpa | AO48: Mpa | AP48: Mpa | AQ48: Mpa | AR48: Mpa | AS48: Average | AT48: Mpa | AW48: Mpa | AX48: %
B49: M4 - Mod | C49: 56 | D49: =AVERAGE(116.3,116.7,116.5) -> 116.5 | E49: 101 | F49: =(D49/10)*(PI()/4)*((E49/10)^2) -> 933.38014 | G49: 1896.2 | H49: =G49/F49 -> 2.031541 | I49: 0.14308617 | J49: =H49/(1+I49) -> 1.7772422 | K49: 2.5 | L49: =K49/J49-1 -> 0.40667378 | M49: =I49*(K49/L49) -> 0.87961273 | O49: 0.46 | P49: 342.39 | Q49: 291.54 | R49: 249.73 | S49: 368.38 | T49: 240.69 | V49: =(((($D49/10)/P49)*10000)^2)*(($H49*1000*(1+$O49)*(1-2*($O49)))/(1-$O49))/1000000 -> 50.872652 | W49: =(((($D49/10)/Q49)*10000)^2)*(($H49*1000*(1+$O49)*(1-2*($O49)))/(1-$O49))/1000000 -> 70.166566 | X49: =(((($D49/10)/R49)*10000)^2)*(($H49*1000*(1+$O49)*(1-2*($O49)))/(1-$O49))/1000000 -> 95.628003 | Y49: =(((($D49/10)/S49)*10000)^2)*(($H49*1000*(1+$O49)*(1-2*($O49)))/(1-$O49))/1000000 -> 43.947526 | Z49: =(((($D49/10)/T49)*10000)^2)*(($H49*1000*(1+$O49)*(1-2*($O49)))/(1-$O49))/1000000 -> 102.94623 | AA49: -70 | AB49: =T49+AA49 -> 170.69 | AC49: =_xlfn.STDEV.S(P49:T49) -> 56.076926 | AD49: =((((D49/10)/AB49)*10000)^2)*((H49*1000*(1+O49)*(1-2*(O49)))/(1-O49))/1000000 -> 204.69648 | AE49: =AVERAGE(V49:Z49) -> 72.712195 | AF49: =_xlfn.STDEV.S(V49:Z49) -> 26.220616 | AH49: 0.0013700137 | AI49: 0.0013300133 | AJ49: 0.0013200132 | AK49: 0.001300013 | AL49: 0.001300013 | AM49: =AVERAGE(AH49:AL49) -> 0.0013240132 | AN49: 185.07504 | AO49: 212.95563 | AP49: 219.92578 | AQ49: 233.86608 | AR49: 233.86608 | AS49: =AVERAGE(AN49:AR49) -> 217.13772 | AT49: 217.13761 | AU49: =_xlfn.STDEV.S(AN49:AR49) -> 20.080803 | AW49: =AD49-AT49 -> -12.441133 | AX49: =ABS(AW49)/AD49 -> 0.060778444
B50: M5 - Mod | C50: 56 | D50: =AVERAGE(116.5,116.2,116.4,116.3) -> 116.35 | E50: 101 | F50: =(D50/10)*(PI()/4)*((E50/10)^2) -> 932.17836 | G50: 1853.2 | H50: =G50/F50 -> 1.9880316 | I50: 0.17279256 | J50: =H50/(1+I50) -> 1.6951263 | K50: 2.5 | L50: =K50/J50-1 -> 0.47481633 | M50: =I50*(K50/L50) -> 0.90978634 | O50: 0.47 | P50: 415.84 | Q50: 463.3 | R50: 423.75 | S50: 420.36 | T50: 413.58 | V50: =(((($D50/10)/P50)*10000)^2)*(($H50*1000*(1+$O50)*(1-2*($O50)))/(1-$O50))/1000000 -> 25.89979 | W50: =(((($D50/10)/Q50)*10000)^2)*(($H50*1000*(1+$O50)*(1-2*($O50)))/(1-$O50))/1000000 -> 20.865278 | X50: =(((($D50/10)/R50)*10000)^2)*(($H50*1000*(1+$O50)*(1-2*($O50)))/(1-$O50))/1000000 -> 24.941889 | Y50: =(((($D50/10)/S50)*10000)^2)*(($H50*1000*(1+$O50)*(1-2*($O50)))/(1-$O50))/1000000 -> 25.3458 | Z50: =(((($D50/10)/T50)*10000)^2)*(($H50*1000*(1+$O50)*(1-2*($O50)))/(1-$O50))/1000000 -> 26.183621 | AA50: -200 | AB50: =AVERAGE(P50:T50)+AA50 -> 227.366 | AC50: =_xlfn.STDEV.S(P50:T50) -> 20.471409 | AD50: =((((D50/10)/AB50)*10000)^2)*((H50*1000*(1+O50)*(1-2*(O50)))/(1-O50))/1000000 -> 86.635866 | AE50: =AVERAGE(V50:Z50) -> 24.647275 | AF50: =_xlfn.STDEV.S(V50:Z50) -> 2.1683745 | AH50: 0.0015900159 | AI50: 0.0014900149 | AJ50: 0.0014600146 | AK50: 0.0014600146 | AL50: 0.0014200142 | AM50: =AVERAGE(AH50:AL50) -> 0.0014840148 | AN50: 86.390919 | AO50: 100.01709 | AP50: 120.9396 | AQ50: 120.9396 | AR50: 148.83628 | AS50: =AVERAGE(AN50:AR50) -> 115.42469 | AT50: 104.20158 | AU50: =_xlfn.STDEV.S(AO50:AR50) -> 20.031778 | AW50: =AD50-AT50 -> -17.565716 | AX50: =ABS(AW50)/AD50 -> 0.20275339
B51: M6 - Mod | C51: 56 | D51: =AVERAGE(116.5,116.2,116.4,116.3) -> 116.35 | E51: 101 | F51: =(D51/10)*(PI()/4)*((E51/10)^2) -> 932.17836 | G51: 1805 | H51: =G51/F51 -> 1.9363247 | I51: 0.18634375 | J51: =H51/(1+I51) -> 1.6321785 | K51: 2.5 | L51: =K51/J51-1 -> 0.53169525 | M51: =I51*(K51/L51) -> 0.87617743 | O51: 0.46 | P51: 574.04 | Q51: 996.66 | R51: 1033.95 | S51: 923.21 | T51: 1048.64 | V51: =(((($D51/10)/P51)*10000)^2)*(($H51*1000*(1+$O51)*(1-2*($O51)))/(1-$O51))/1000000 -> 17.205834 | W51: =(((($D51/10)/Q51)*10000)^2)*(($H51*1000*(1+$O51)*(1-2*($O51)))/(1-$O51))/1000000 -> 5.7077638 | X51: =(((($D51/10)/R51)*10000)^2)*(($H51*1000*(1+$O51)*(1-2*($O51)))/(1-$O51))/1000000 -> 5.3034805 | Y51: =(((($D51/10)/S51)*10000)^2)*(($H51*1000*(1+$O51)*(1-2*($O51)))/(1-$O51))/1000000 -> 6.6521043 | Z51: =(((($D51/10)/T51)*10000)^2)*(($H51*1000*(1+$O51)*(1-2*($O51)))/(1-$O51))/1000000 -> 5.1559323 | AA51: -300 | AB51: =P51+AA51 -> 274.04 | AC51: =_xlfn.STDEV.S(P51:T51) -> 196.84879 | AD51: =((((D51/10)/AB51)*10000)^2)*((H51*1000*(1+O51)*(1-2*(O51)))/(1-O51))/1000000 -> 75.497423 | AE51: =AVERAGE(V51:Z51) -> 8.005023 | AF51: =_xlfn.STDEV.S(V51:Z51) -> 5.1763493 | AH51: 0.001600016 | AI51: 0.001600016 | AJ51: 0.0015300153 | AK51: 0.0015300153 | AL51: 0.0016200162 | AM51: =AVERAGE(AH51:AL51) -> 0.0015760158 | AN51: 85.272145 | AO51: 85.272145 | AP51: 94.822954 | AQ51: 94.822954 | AR51: 82.543343 | AS51: =AVERAGE(AN51:AR51) -> 88.546708 | AT51: 88.546708 | AU51: =_xlfn.STDEV.S(AN51:AR51) -> 5.8367038 | AW51: =AD51-AT51 -> -13.049285 | AX51: =ABS(AW51)/AD51 -> 0.1728441
B52: M5 - Est | C52: 25 | D52: =AVERAGE(116.5,116.2,116.4,116.3) -> 116.35 | E52: 101 | F52: =(D52/10)*(PI()/4)*((E52/10)^2) -> 932.17836 | G52: 1748.2 | H52: =G52/F52 -> 1.8753922 | I52: 0.16556029 | J52: =H52/(1+I52) -> 1.6090049 | K52: 2.5 | L52: =K52/J52-1 -> 0.5537554 | M52: =I52*(K52/L52) -> 0.74744321 | O52: 0.4 | P52: 397.76 | Q52: 418.1 | R52: 400.02 | S52: 389.85 | T52: 402.28 | V52: =(((($D52/10)/P52)*10000)^2)*(($H52*1000*(1+$O52)*(1-2*($O52)))/(1-$O52))/1000000 -> 74.88407 | W52: =(((($D52/10)/Q52)*10000)^2)*(($H52*1000*(1+$O52)*(1-2*($O52)))/(1-$O52))/1000000 -> 67.77528 | X52: =(((($D52/10)/R52)*10000)^2)*(($H52*1000*(1+$O52)*(1-2*($O52)))/(1-$O52))/1000000 -> 74.040313 | Y52: =(((($D52/10)/S52)*10000)^2)*(($H52*1000*(1+$O52)*(1-2*($O52)))/(1-$O52))/1000000 -> 77.953672 | Z52: =(((($D52/10)/T52)*10000)^2)*(($H52*1000*(1+$O52)*(1-2*($O52)))/(1-$O52))/1000000 -> 73.210736 | AA52: 0 | AB52: =AVERAGE(P52:T52) -> 401.602 | AC52: =_xlfn.STDEV.S(P52:T52) -> 10.344284 | AD52: =((((D52/10)/AB52)*10000)^2)*((H52*1000*(1+O52)*(1-2*(O52)))/(1-O52))/1000000 -> 73.458139 | AE52: =AVERAGE(V52:Z52) -> 73.572814 | AF52: =_xlfn.STDEV.S(V52:Z52) -> 3.7037942 | AH52: 0.0016800168 | AI52: 0.001700017 | AJ52: 0.0016800168 | AK52: 0.0016600166 | AL52: 0.0017100171 | AM52: =AVERAGE(AH52:AL52) -> 0.0016860169 | AN52: 75.681556 | AO52: 72.914213 | AP52: 75.681556 | AQ52: 78.448898 | AR52: 71.530542 | AS52: =AVERAGE(AN52:AR52) -> 74.851353 | AT52: 74.851348 | AU52: =_xlfn.STDEV.S(AN52:AR52) -> 2.6972719 | AW52: =AD52-AT52 -> -1.3932086 | AX52: =ABS(AW52)/AD52 -> 0.018966021
B53: M6 - Est | C53: 25 | D53: =AVERAGE(116.5,116.2,116.4,116.3) -> 116.35 | E53: 101 | F53: =(D53/10)*(PI()/4)*((E53/10)^2) -> 932.17836 | G53: 1788.6 | H53: =G53/F53 -> 1.9187315 | I53: 0.19470447 | J53: =H53/(1+I53) -> 1.6060303 | K53: 2.5 | L53: =K53/J53-1 -> 0.55663319 | M53: =I53*(K53/L53) -> 0.87447385 | O53: 0.46 | P53: 870.1 | Q53: 706.25 | R53: 197.75 | S53: 72.32 | V53: =(((($D53/10)/P53)*10000)^2)*(($H53*1000*(1+$O53)*(1-2*($O53)))/(1-$O53))/1000000 -> 7.4209197 | W53: =(((($D53/10)/Q53)*10000)^2)*(($H53*1000*(1+$O53)*(1-2*($O53)))/(1-$O53))/1000000 -> 11.26365 | AA53: 0 | AB53: =AVERAGE(P53:T53) -> 461.605 | AC53: =_xlfn.STDEV.S(P53:T53) -> 386.38565 | AD53: =((((D53/10)/AB53)*10000)^2)*((H53*1000*(1+O53)*(1-2*(O53)))/(1-O53))/1000000 -> 26.366656 | AE53: =AVERAGE(V53:Z53) -> 9.3422848 | AF53: =_xlfn.STDEV.S(V53:W53) -> 2.7172207 | AH53: 0.0022200222 | AI53: 0.0017200172 | AJ53: 0.001700017 | AK53: 0.0017900179 | AL53: 0.0024200242 | AM53: =AVERAGE(AH53:AL53) -> 0.0019700197 | AO53: 68.89933 | AP53: 71.628133 | AQ53: 59.348522 | AS53: =AVERAGE(AN53:AR53) -> 66.625328 | AT53: 34.789304 | AU53: =_xlfn.STDEV.S(AO53:AQ53) -> 6.4479087 | AW53: =AD53-AT53 -> -8.4226477 | AX53: =ABS(AW53)/AD53 -> 0.31944315
B54: M2 - Mod | C54: 25 | D54: =AVERAGE(116.5,116.2,116.4,116.3) -> 116.35 | E54: 101 | F54: =(D54/10)*(PI()/4)*((E54/10)^2) -> 932.17836 | G54: 1781.4 | H54: =G54/F54 -> 1.9110077 | I54: 0.13297333 | J54: =H54/(1+I54) -> 1.686719 | K54: 2.5 | L54: =K54/J54-1 -> 0.48216742 | M54: =I54*(K54/L54) -> 0.68945619 | O54: 0.32 | P54: 364.99 | Q54: 287.02 | R54: 303.97 | S54: 238.43 | T54: 250.86 | V54: =(((($D54/10)/P54)*10000)^2)*(($H54*1000*(1+$O54)*(1-2*($O54)))/(1-$O54))/1000000 -> 135.70655 | W54: =(((($D54/10)/Q54)*10000)^2)*(($H54*1000*(1+$O54)*(1-2*($O54)))/(1-$O54))/1000000 -> 219.45143 | X54: =(((($D54/10)/R54)*10000)^2)*(($H54*1000*(1+$O54)*(1-2*($O54)))/(1-$O54))/1000000 -> 195.65965 | Z54: =(((($D54/10)/T54)*10000)^2)*(($H54*1000*(1+$O54)*(1-2*($O54)))/(1-$O54))/1000000 -> 287.27636 | AA54: 0 | AB54: =AVERAGE(P54:T54) -> 289.054 | AC54: =_xlfn.STDEV.S(P54:T54) -> 50.036165 | AD54: =((((D54/10)/AB54)*10000)^2)*((H54*1000*(1+O54)*(1-2*(O54)))/(1-O54))/1000000 -> 216.37384 | AE54: =AVERAGE(V54:Z54) -> 209.5235 | AF54: =_xlfn.STDEV.S(W54:X54) -> 16.823323 | AH54: 0.0014200142 | AI54: 0.0014200142 | AJ54: 0.001400014 | AK54: 0.0013900139 | AL54: 0.001400014 | AM54: =AVERAGE(AH54:AL54) -> 0.0014060141 | AN54: 169.48988 | AO54: 169.48988 | AP54: 183.31854 | AQ54: 190.23288 | AR54: 183.31854 | AS54: =AVERAGE(AN54:AR54) -> 179.16994 | AT54: 179.16978 | AU54: =_xlfn.STDEV.S(AN54:AR54) -> 9.2765516 | AW54: =AD54-AT54 -> 37.204064 | AX54: =ABS(AW54)/AD54 -> 0.17194344
B55: M3 - Mod | C55: 25 | D55: =AVERAGE(116.5,116.2,116.4,116.3) -> 116.35 | E55: 101 | F55: =(D55/10)*(PI()/4)*((E55/10)^2) -> 932.17836 | G55: 1808.4 | H55: =G55/F55 -> 1.9399721 | I55: 0.15578764 | J55: =H55/(1+I55) -> 1.6784849 | K55: 2.5 | L55: =K55/J55-1 -> 0.48943849 | M55: =I55*(K55/L55) -> 0.79574678 | O55: 0.44 | P55: 283.63 | Q55: 277.98 | R55: 296.06 | S55: 363.86 | T55: 279.11 | V55: =(((($D55/10)/P55)*10000)^2)*(($H55*1000*(1+$O55)*(1-2*($O55)))/(1-$O55))/1000000 -> 100.73483 | W55: =(((($D55/10)/Q55)*10000)^2)*(($H55*1000*(1+$O55)*(1-2*($O55)))/(1-$O55))/1000000 -> 104.87135 | X55: =(((($D55/10)/R55)*10000)^2)*(($H55*1000*(1+$O55)*(1-2*($O55)))/(1-$O55))/1000000 -> 92.453743 | Y55: =(((($D55/10)/S55)*10000)^2)*(($H55*1000*(1+$O55)*(1-2*($O55)))/(1-$O55))/1000000 -> 61.209008 | Z55: =(((($D55/10)/T55)*10000)^2)*(($H55*1000*(1+$O55)*(1-2*($O55)))/(1-$O55))/1000000 -> 104.02391 | AA55: 0 | AB55: =AVERAGE(P55:T55) -> 300.128 | AC55: =_xlfn.STDEV.S(P55:T55) -> 36.341404 | AD55: =((((D55/10)/AB55)*10000)^2)*((H55*1000*(1+O55)*(1-2*(O55)))/(1-O55))/1000000 -> 89.964452 | AE55: =AVERAGE(V55:Z55) -> 92.658568 | AF55: =_xlfn.STDEV.S(V55:Z55) -> 18.252848 | AH55: 0.0014800148 | AI55: 0.0015200152 | AJ55: 0.001500015 | AK55: 0.0015100151 | AL55: 0.0015700157 | AM55: =AVERAGE(AH55:AL55) -> 0.0015160152 | AN55: 111.22282 | AO55: 89.872768 | AP55: 96.726592 | AQ55: 99.468121 | AR55: 98.097357 | AS55: =AVERAGE(AN55:AR55) -> 99.077533 | AT55: 97.274894 | AU55: =_xlfn.STDEV.S(AN55:AR55) -> 7.7278075 | AW55: =AD55-AT55 -> -7.3104421 | AX55: =ABS(AW55)/AD55 -> 0.08125923
B56: M4 - Mod | C56: 25 | D56: =AVERAGE(116.5,116.2,116.4,116.3) -> 116.35 | E56: 101 | F56: =(D56/10)*(PI()/4)*((E56/10)^2) -> 932.17836 | G56: 1746.2 | H56: =G56/F56 -> 1.8732467 | I56: 0.16935065 | J56: =H56/(1+I56) -> 1.6019546 | K56: 2.5 | L56: =K56/J56-1 -> 0.56059353 | M56: =I56*(K56/L56) -> 0.75522923 | O56: 0.4 | P56: 448.61 | Q56: 480.25 | R56: 359.34 | S56: 479.12 | T56: 418.1 | V56: =(((($D56/10)/P56)*10000)^2)*(($H56*1000*(1+$O56)*(1-2*($O56)))/(1-$O56))/1000000 -> 58.802613 | W56: =(((($D56/10)/Q56)*10000)^2)*(($H56*1000*(1+$O56)*(1-2*($O56)))/(1-$O56))/1000000 -> 51.309736 | X56: =(((($D56/10)/R56)*10000)^2)*(($H56*1000*(1+$O56)*(1-2*($O56)))/(1-$O56))/1000000 -> 91.648085 | Y56: =(((($D56/10)/S56)*10000)^2)*(($H56*1000*(1+$O56)*(1-2*($O56)))/(1-$O56))/1000000 -> 51.552048 | Z56: =(((($D56/10)/T56)*10000)^2)*(($H56*1000*(1+$O56)*(1-2*($O56)))/(1-$O56))/1000000 -> 67.697743 | AA56: -40 | AB56: =R56+AA56 -> 319.34 | AC56: =_xlfn.STDEV.S(P56:T56) -> 50.417505 | AD56: =((((D56/10)/AB56)*10000)^2)*((H56*1000*(1+O56)*(1-2*(O56)))/(1-O56))/1000000 -> 116.04539 | AE56: =AVERAGE(V56:Z56) -> 64.202045 | AF56: =_xlfn.STDEV.S(V56:Z56) -> 16.73987 | AH56: 0.0014800148 | AI56: 0.0014200142 | AJ56: 0.0014600146 | AK56: 0.0014600146 | AM56: =AVERAGE(AH56:AL56) -> 0.0014550146 | AN56: 116.84222 | AO56: 158.51893 | AP56: 130.73446 | AQ56: 130.73446 | AS56: =AVERAGE(AN56:AR56) -> 134.20752 | AT56: 134.20744 | AU56: =_xlfn.STDEV.S(AN56:AR56) -> 17.48068 | AW56: =AD56-AT56 -> -18.162057 | AX56: =ABS(AW56)/AD56 -> 0.15650822
Z63: y | AB63: x
Z64: 0 | AB64: 0
Z65: 1000 | AB65: 1000
V74: Evv | Y74: Essw
V75: {=AD35:AD42} -> 179.89767 | W75: {=AF35:AF42} -> 17.561095 | Y75: {=AT35:AT42} -> 222.89555 | Z75: {=AU35:AU42} -> 14.169241
V76: 182.24481 | W76: 21.027186 | Y76: 221.83875 | Z76: 31.721744
V77: 230.74988 | W77: 31.30348 | Y77: 277.08026 | Z77: 6.9198523
V78: 316.4993 | W78: 49.42422 | Y78: 305.52195 | Z78: 17.858078 | AG78: equity line
V79: 89.380829 | W79: 8.9799518 | Y79: 50.011897 | Z79: 4.2160395 | AG79: trend line
V80: 84.568981 | W80: 16.485194 | Y80: 58.055829 | Z80: 7.5663572
V81: 161.00799 | W81: 12.10207 | Y81: 174.58244 | Z81: 14.942138
V82: 126.2801 | W82: 18.936325 | Y82: 82.71195 | Z82: 7.0393823
V83: {=AD49:AD56} -> 204.69648 | W83: {=AF49:AF56} -> 26.220616 | Y83: {=AT49:AT56} -> 217.13761 | Z83: {=AU49:AU56} -> 20.080803
V84: 86.635866 | W84: 2.1683745 | Y84: 104.20158 | Z84: 20.031778
V85: 75.497423 | W85: 5.1763493 | Y85: 88.546708 | Z85: 5.8367038
V86: 73.458139 | W86: 3.7037942 | Y86: 74.851348 | Z86: 2.6972719
V87: 26.366656 | W87: 2.7172207 | Y87: 34.789304 | Z87: 6.4479087
V88: 216.37384 | W88: 16.823323 | Y88: 179.16978 | Z88: 9.2765516
V89: 89.964452 | W89: 18.252848 | Y89: 97.274894 | Z89: 7.7278075
V90: 116.04539 | W90: 16.73987 | Y90: 134.20744 | Z90: 17.48068

Sheet RAW_Ceramica_TOFvsOndaP (2)
B2: MEDICIÓN #1
B4: Datos Probetas | O4: Análisis Velocidad Onda P | AH4: Mod. E Pelotazo
B5: Probeta | C5: Energía | D5: Altura | E5: Diámetro | F5: Volumen | G5: Masa | H5: Densidad | I5: Humedad | J5: Den. Seca | K5: GS | L5: e | M5: Saturación | O5: Poisson | P5: TV1 | Q5: TV2 | R5: TV3 | S5: TV4 | T5: TV5 | AB5: TV prom | AD5: Mod E | AH5: TOF1 | AI5: TOF2 | AJ5: TOF3 | AK5: TOF4 | AL5: TOF5 | AM5: TOF Prom | AN5: E1 | AO5: E2 | AP5: E3 | AQ5: E4 | AR5: E5 | AT5: Mod E
B6: - | C6: Golpes | D6: mm | E6: mm | F6: cm3 | G6: g | H6: g/cm3 | I6: % | J6: g/cm3 | K6: - | L6: - | M6: % | O6: - | P6: us | Q6: us | R6: us | S6: us | T6: us | AB6: us | AD6: Mpa | AH6: s | AI6: s | AJ6: s | AK6: s | AL6: s | AM6: s | AN6: Mpa | AO6: Mpa | AP6: Mpa | AQ6: Mpa | AR6: Mpa | AT6: Mpa
B7: Masa 1 | C7: 25 | D7: 116.5 | E7: 102 | F7: =(D7/10)*(PI()/4)*((E7/10)^2) -> 951.95441 | G7: 1931.2 | H7: =G7/F7 -> 2.0286686 | I7: 0.13873393 | J7: =H7/(1+I7) -> 1.7815124 | K7: 2.5 | L7: =K7/J7-1 -> 0.40330208 | M7: =I7*(K7/L7) -> 0.85998771
B8: Masa 2 | C8: 25 | D8: 117.7 | E8: 101.8 | F8: =(D8/10)*(PI()/4)*((E8/10)^2) -> 957.99204 | G8: 1925 | H8: =G8/F8 -> 2.0094113 | I8: 0.1654157 | J8: =H8/(1+I8) -> 1.7242013 | K8: 2.5 | L8: =K8/J8-1 -> 0.44994671 | M8: =I8*(K8/L8) -> 0.91908497
B9: Masa 3 | C9: 25 | D9: 116.9 | E9: 101.1 | F9: =(D9/10)*(PI()/4)*((E9/10)^2) -> 938.44042 | G9: 1837 | H9: =G9/F9 -> 1.9575031 | I9: 0.1839677 | J9: =H9/(1+I9) -> 1.6533416 | K9: 2.5 | L9: =K9/J9-1 -> 0.5120892 | M9: =I9*(K9/L9) -> 0.89812333
B10: Masa 4 | C10: 25 | D10: =AVERAGE(D9,D12) -> 116.69 | E10: 102.2 | F10: =(D10/10)*(PI()/4)*((E10/10)^2) -> 957.24986 | G10: 1795.5 | H10: =G10/F10 -> 1.8756858 | I10: 0.10371452 | J10: =H10/(1+I10) -> 1.6994302 | K10: 2.5 | L10: =K10/J10-1 -> 0.47108128 | M10: =I10*(K10/L10) -> 0.55040674
B11: Masa 5 | C11: 25 | D11: 118.3 | E11: 101.5 | F11: =(D11/10)*(PI()/4)*((E11/10)^2) -> 957.20886 | G11: 1943.5 | H11: =G11/F11 -> 2.0303824 | I11: 0.15280665 | J11: =H11/(1+I11) -> 1.7612514 | K11: 2.5 | L11: =K11/J11-1 -> 0.41944526 | M11: =I11*(K11/L11) -> 0.91076636
B12: Masa 6 | C12: 25 | D12: 116.48 | E12: 101.8 | F12: =(D12/10)*(PI()/4)*((E12/10)^2) -> 948.06213 | G12: 1888.5 | H12: =G12/F12 -> 1.9919581 | I12: 0.17336269 | J12: =H12/(1+I12) -> 1.6976491 | K12: 2.5 | L12: =K12/J12-1 -> 0.47262474 | M12: =I12*(K12/L12) -> 0.9170208
B13: Masa 7 | C13: 25 | D13: 115.88 | E13: 101.5 | F13: =(D13/10)*(PI()/4)*((E13/10)^2) -> 937.62775 | G13: 1918.5 | H13: =G13/F13 -> 2.0461212 | I13: 0.19547775 | J13: =H13/(1+I13) -> 1.711551 | K13: 2.5 | L13: =K13/J13-1 -> 0.46066343 | M13: =I13*(K13/L13) -> 1.0608491
B15: MEDICIÓN #2
B17: Datos Probetas | O17: Análisis Velocidad Onda P | AH17: Mod. E Pelotazo
B18: Probeta | C18: Energía | D18: Altura | E18: Diámetro | F18: Volumen | G18: Masa | H18: Densidad | I18: Humedad | J18: Den. Seca | K18: GS | L18: e | M18: Saturación | O18: Poisson | P18: TV1 | Q18: TV2 | R18: TV3 | S18: TV4 | T18: TV5 | AB18: TV prom | AD18: Mod E | AH18: TOF1 | AI18: TOF2 | AJ18: TOF3 | AK18: TOF4 | AL18: TOF5 | AM18: TOF Prom | AN18: E1 | AO18: E2 | AP18: E3 | AQ18: E4 | AR18: E5 | AT18: Mod E
B19: - | C19: Golpes | D19: mm | E19: mm | F19: cm3 | G19: g | H19: g/cm3 | I19: % | J19: g/cm3 | K19: - | L19: - | M19: % | O19: - | P19: us | Q19: us | R19: us | S19: us | T19: us | AB19: us | AD19: Mpa | AH19: s | AI19: s | AJ19: s | AK19: s | AL19: s | AM19: s | AN19: Mpa | AO19: Mpa | AP19: Mpa | AQ19: Mpa | AR19: Mpa | AT19: Mpa
B20: Masa 1 | C20: 25 | D20: 116.6 | E20: 102.7 | F20: =(D20/10)*(PI()/4)*((E20/10)^2) -> 965.89367 | G20: 1886.25 | H20: =G20/F20 -> 1.9528547 | I20: 0.20908379 | J20: =H20/(1+I20) -> 1.6151525 | K20: 2.5 | L20: =K20/J20-1 -> 0.54784145 | M20: =I20*(K20/L20) -> 0.95412545
B21: Masa 2 | C21: 25 | D21: 117.7 | E21: 101.9 | F21: =(D21/10)*(PI()/4)*((E21/10)^2) -> 959.87507 | G21: 1876.16 | H21: =G21/F21 -> 1.9545877 | I21: 0.17261905 | J21: =H21/(1+I21) -> 1.6668565 | K21: 2.5 | L21: =K21/J21-1 -> 0.49982916 | M21: =I21*(K21/L21) -> 0.86339024
B22: Masa 3 | C22: 25 | D22: 116.3 | E22: 101.2 | F22: =(D22/10)*(PI()/4)*((E22/10)^2) -> 935.47163 | G22: 1771.46 | H22: =G22/F22 -> 1.8936544 | I22: 0.15281757 | J22: =H22/(1+I22) -> 1.6426315 | K22: 2.5 | L22: =K22/J22-1 -> 0.52194819 | M22: =I22*(K22/L22) -> 0.73195758
B23: Masa 4 | C23: 25 | D23: 119 | E23: 102 | F23: =(D23/10)*(PI()/4)*((E23/10)^2) -> 972.38262 | G23: 1591.26 | H23: =G23/F23 -> 1.6364546 | I23: 0.098525989 | J23: =H23/(1+I23) -> 1.4896822 | K23: 2.5 | L23: =K23/J23-1 -> 0.67821031 | M23: =I23*(K23/L23) -> 0.36318376
B24: Masa 1 | C24: 56 | D24: 119.6 | E24: 101.8 | F24: =(D24/10)*(PI()/4)*((E24/10)^2) -> 973.45665 | G24: 1936.8 | H24: =G24/F24 -> 1.9896109 | I24: 0.17013766 | J24: =H24/(1+I24) -> 1.7003221 | K24: 2.5 | L24: =K24/J24-1 -> 0.47030965 | M24: =I24*(K24/L24) -> 0.90439173
B25: Masa 2 | C25: 56 | D25: 118 | E25: 102.3 | F25: =(D25/10)*(PI()/4)*((E25/10)^2) -> 969.89151 | G25: 1740.16 | H25: =G25/F25 -> 1.7941801 | I25: 0.11027138 | J25: =H25/(1+I25) -> 1.6159833 | K25: 2.5 | L25: =K25/J25-1 -> 0.54704565 | M25: =I25*(K25/L25) -> 0.5039405
B26: Masa 3 | C26: 56 | D26: 116.8 | E26: 101.9 | F26: =(D26/10)*(PI()/4)*((E26/10)^2) -> 952.53533 | G26: 1903.78 | H26: =G26/F26 -> 1.998645 | I26: 0.18211382 | J26: =H26/(1+I26) -> 1.6907382 | K26: 2.5 | L26: =K26/J26-1 -> 0.47864404 | M26: =I26*(K26/L26) -> 0.95119654
B27: Masa 4 | C27: 56 | D27: 118 | E27: 101.7 | F27: =(D27/10)*(PI()/4)*((E27/10)^2) -> 958.54784 | G27: 1839.59 | H27: =G27/F27 -> 1.9191426 | I27: 0.14310051 | J27: =H27/(1+I27) -> 1.6788923 | K27: 2.5 | L27: =K27/J27-1 -> 0.48907709 | M27: =I27*(K27/L27) -> 0.73148239
B28: Masa 5 | C28: 56 | D28: 117.8 | E28: 102 | F28: =(D28/10)*(PI()/4)*((E28/10)^2) -> 962.57708 | G28: 1878.62 | H28: =G28/F28 -> 1.9516567 | I28: 0.21071013 | J28: =H28/(1+I28) -> 1.6119934 | K28: 2.5 | L28: =K28/J28-1 -> 0.55087487 | M28: =I28*(K28/L28) -> 0.95625223
B30: MEDICIÓN #3
B32: Datos Probetas | O32: Análisis Velocidad Onda P | AH32: Mod. E Pelotazo | AW32: Analisis Errores
B33: Probeta | C33: Energía | D33: Altura | E33: Diámetro | F33: Volumen | G33: Masa | H33: Densidad | I33: Humedad | J33: Den. Seca | K33: GS | L33: e | M33: Saturación | O33: Poisson | P33: TV1 | Q33: TV2 | R33: TV3 | S33: TV4 | T33: TV5 | V33: E1 | W33: E2 | X33: E3 | Y33: E4 | Z33: E5 | AA33: Ajuste | AB33: TV prom | AC33: desvest TV | AD33: Mod E | AE33: E prom | AF33: desvest E | AH33: TOF1 | AI33: TOF2 | AJ33: TOF3 | AK33: TOF4 | AL33: TOF5 | AM33: TOF Prom | AN33: E1 | AO33: E2 | AP33: E3 | AQ33: E4 | AR33: E5 | AS33: Mod E | AT33: Mod E | AU33: desvest E | AW33: Diferencia | AX33: % Error
B34: - | C34: Golpes | D34: mm | E34: mm | F34: cm3 | G34: g | H34: g/cm3 | I34: % | J34: g/cm3 | K34: - | L34: - | M34: % | O34: - | P34: us | Q34: us | R34: us | S34: us | T34: us | AB34: us | AD34: Mpa | AH34: s | AI34: s | AJ34: s | AK34: s | AL34: s | AM34: s | AN34: Mpa | AO34: Mpa | AP34: Mpa | AQ34: Mpa | AR34: Mpa | AS34: Average | AT34: Mpa | AW34: Mpa | AX34: %
B35: M1 - Mod | C35: 25 | D35: =AVERAGE(116.3,117.4,117.4) -> 117.03333 | E35: 101 | F35: =(D35/10)*(PI()/4)*((E35/10)^2) -> 937.65312 | G35: 1739.2 | H35: =G35/F35 -> 1.8548437 | I35: 0.11843409 | J35: =H35/(1+I35) -> 1.6584292 | K35: 2.5 | L35: =K35/J35-1 -> 0.50745058 | M35: =I35*(K35/L35) -> 0.583476 | O35: 0.2 | P35: 246.34 | Q35: 244.08 | R35: 254.25 | S35: 223.74 | T35: 256.51 | V35: =(((($D35/10)/P35)*10000)^2)*(($H35*1000*(1+$O35)*(1-2*($O35)))/(1-$O35))/1000000 -> 376.78977 | W35: =(((($D35/10)/Q35)*10000)^2)*(($H35*1000*(1+$O35)*(1-2*($O35)))/(1-$O35))/1000000 -> 383.79967 | X35: =(((($D35/10)/R35)*10000)^2)*(($H35*1000*(1+$O35)*(1-2*($O35)))/(1-$O35))/1000000 -> 353.70977 | Z35: =(((($D35/10)/T35)*10000)^2)*(($H35*1000*(1+$O35)*(1-2*($O35)))/(1-$O35))/1000000 -> 347.50446 | AA35: 0 | AB35: =AVERAGE(T35)+AA35 -> 256.51 | AC35: =_xlfn.STDEV.S(P35:T35) -> 12.96795 | AD35: =((((D35/10)/AB35)*10000)^2)*((H35*1000*(1+O35)*(1-2*(O35)))/(1-O35))/1000000 -> 347.50446 | AE35: =AD35 -> 347.50446 | AF35: =_xlfn.STDEV.S(V35:Z35) -> 17.561095 | AH35: 0.0013500135 | AI35: 0.0013200132 | AJ35: 0.0013700137 | AK35: 0.0013500135 | AL35: 0.0013700137 | AM35: =AVERAGE(AH35:AL35) -> 0.0013520135 | AN35: 224.27854 | AO35: 245.02019 | AP35: 210.45078 | AQ35: 224.27854 | AR35: 210.45078 | AS35: =AVERAGE(AN35:AR35) -> 222.89577 | AT35: 222.89555 | AU35: =_xlfn.STDEV.S(AN35:AR35) -> 14.169241 | AW35: =AD35-AT35 -> 124.60891 | AX35: =ABS(AW35)/AD35 -> 0.35858218
B36: M1 - Mod | C36: 56 | D36: =AVERAGE(116.5,116.2,116.4,116.3) -> 116.35 | E36: 101 | F36: =(D36/10)*(PI()/4)*((E36/10)^2) -> 932.17836 | G36: 1838.2 | H36: =G36/F36 -> 1.9719402 | I36: 0.11805226 | J36: =H36/(1+I36) -> 1.7637281 | K36: 2.5 | L36: =K36/J36-1 -> 0.41745202 | M36: =I36*(K36/L36) -> 0.70698099 | O36: 0.34 | P36: 308.49 | Q36: 341.26 | R36: 341.26 | S36: 359.34 | T36: 368.38 | V36: =(((($D36/10)/P36)*10000)^2)*(($H36*1000*(1+$O36)*(1-2*($O36)))/(1-$O36))/1000000 -> 182.24481 | W36: =(((($D36/10)/Q36)*10000)^2)*(($H36*1000*(1+$O36)*(1-2*($O36)))/(1-$O36))/1000000 -> 148.92465 | X36: =(((($D36/10)/R36)*10000)^2)*(($H36*1000*(1+$O36)*(1-2*($O36)))/(1-$O36))/1000000 -> 148.92465 | Y36: =(((($D36/10)/S36)*10000)^2)*(($H36*1000*(1+$O36)*(1-2*($O36)))/(1-$O36))/1000000 -> 134.31553 | Z36: =(((($D36/10)/T36)*10000)^2)*(($H36*1000*(1+$O36)*(1-2*($O36)))/(1-$O36))/1000000 -> 127.80424 | AA36: 0 | AB36: =P36 -> 308.49 | AC36: =_xlfn.STDEV.S(P36:T36) -> 22.942061 | AD36: =((((D36/10)/AB36)*10000)^2)*((H36*1000*(1+O36)*(1-2*(O36)))/(1-O36))/1000000 -> 182.24481 | AE36: =AD36 -> 182.24481 | AF36: =_xlfn.STDEV.S(V36:Z36) -> 21.027186 | AH36: 0.0013900139 | AI36: 0.0012600126 | AJ36: 0.0013400134 | AK36: 0.0013100131 | AL36: 0.0012900129 | AM36: =AVERAGE(AH36:AL36) -> 0.0013180132 | AN36: 180.60107 | AO36: 222.13458 | AP36: 242.90134 | AQ36: 256.74584 | AR36: 187.52332 | AS36: =AVERAGE(AN36:AR36) -> 217.98123 | AT36: 221.83875 | AU36: =_xlfn.STDEV.S(AN36:AP36) -> 31.721744 | AW36: =AD36-AT36 -> -39.593931 | AX36: =ABS(AW36)/AD36 -> 0.21725683
B37: M2 - Mod | C37: 56 | D37: =AVERAGE(116.3,116.7,116.5) -> 116.5 | E37: 101 | F37: =(D37/10)*(PI()/4)*((E37/10)^2) -> 933.38014 | G37: 1722 | H37: =G37/F37 -> 1.8449075 | I37: 0.096678108 | J37: =H37/(1+I37) -> 1.6822689 | K37: 2.5 | L37: =K37/J37-1 -> 0.48608821 | M37: =I37*(K37/L37) -> 0.49722512 | O37: 0.12 | P37: 243.97907 | Q37: 227.13 | R37: 195.49 | S37: 202.27 | T37: 235.04 | V37: =(((($D37/10)/P37)*10000)^2)*(($H37*1000*(1+$O37)*(1-2*($O37)))/(1-$O37))/1000000 -> 406.88367 | W37: =(((($D37/10)/Q37)*10000)^2)*(($H37*1000*(1+$O37)*(1-2*($O37)))/(1-$O37))/1000000 -> 469.49004 | Y37: =(((($D37/10)/S37)*10000)^2)*(($H37*1000*(1+$O37)*(1-2*($O37)))/(1-$O37))/1000000 -> 591.98736 | Z37: =(((($D37/10)/T37)*10000)^2)*(($H37*1000*(1+$O37)*(1-2*($O37)))/(1-$O37))/1000000 -> 438.42149 | AA37: 0 | AB37: =P37+AA37 -> 243.97907 | AC37: =_xlfn.STDEV.S(P37:T37) -> 21.000422 | AD37: =((((D37/10)/AB37)*10000)^2)*((H37*1000*(1+O37)*(1-2*(O37)))/(1-O37))/1000000 -> 406.88367 | AE37: =AD37 -> 406.88367 | AF37: =_xlfn.STDEV.S(V37:W37,Z37) -> 31.30348 | AH37: 0.0013300133 | AI37: 0.0012800128 | AJ37: 0.0012700127 | AK37: 0.0012500125 | AL37: 0.0012600126 | AM37: =AVERAGE(AH37:AL37) -> 0.0012780128 | AN37: 241.09728 | AO37: 275.69655 | AP37: 282.6164 | AQ37: 296.4561 | AR37: 289.53625 | AS37: =AVERAGE(AN37:AR37) -> 277.08052 | AT37: 277.08026 | AU37: =_xlfn.STDEV.S(AP37:AR37) -> 6.9198523 | AW37: =AD37-AT37 -> 129.80341 | AX37: =ABS(AW37)/AD37 -> 0.31901847
B38: M3 - Mod | C38: 56 | D38: =AVERAGE(116.5,116.2,116.4,116.3) -> 116.35 | E38: 101 | F38: =(D38/10)*(PI()/4)*((E38/10)^2) -> 932.17836 | G38: 1660.6 | H38: =G38/F38 -> 1.7814187 | I38: 0.080713111 | J38: =H38/(1+I38) -> 1.6483734 | K38: 2.5 | L38: =K38/J38-1 -> 0.51664666 | M38: =I38*(K38/L38) -> 0.39056244 | O38: 0.1 | P38: 200.01 | Q38: 242.95 | R38: 201.14 | S38: 218.09 | T38: 215.83 | V38: =(((($D38/10)/P38)*10000)^2)*(($H38*1000*(1+$O38)*(1-2*($O38)))/(1-$O38))/1000000 -> 589.43448 | X38: =(((($D38/10)/R38)*10000)^2)*(($H38*1000*(1+$O38)*(1-2*($O38)))/(1-$O38))/1000000 -> 582.83022 | Y38: =(((($D38/10)/S38)*10000)^2)*(($H38*1000*(1+$O38)*(1-2*($O38)))/(1-$O38))/1000000 -> 495.7554 | Z38: =(((($D38/10)/T38)*10000)^2)*(($H38*1000*(1+$O38)*(1-2*($O38)))/(1-$O38))/1000000 -> 506.19207 | AA38: 0 | AB38: =Q38+AA38 -> 242.95 | AC38: =_xlfn.STDEV.S(P38:T38) -> 17.366744 | AD38: =((((D38/10)/AB38)*10000)^2)*((H38*1000*(1+O38)*(1-2*(O38)))/(1-O38))/1000000 -> 399.4893 | AE38: =AD38 -> 399.4893 | AF38: =_xlfn.STDEV.S(V38,X38:Z38) -> 49.42422 | AH38: 0.0012500125 | AI38: 0.0012200122 | AJ38: 0.0012400124 | AK38: 0.0012400124 | AL38: 0.0012400124 | AM38: =AVERAGE(AH38:AL38) -> 0.0012380124 | AN38: 297.21661 | AO38: 344.91377 | AP38: 310.33618 | AQ38: 310.33618 | AR38: 310.33618 | AS38: =AVERAGE(AN38:AR38) -> 314.62778 | AT38: 305.52195 | AU38: =_xlfn.STDEV.S(AN38:AR38) -> 17.858078 | AW38: =AD38-AT38 -> 93.967346 | AX38: =ABS(AW38)/AD38 -> 0.23521868
B39: M1 - Est | C39: 25 | D39: =AVERAGE(116.3,116.7,116.5) -> 116.5 | E39: 101 | F39: =(D39/10)*(PI()/4)*((E39/10)^2) -> 933.38014 | G39: 1542.2 | H39: =G39/F39 -> 1.6522743 | I39: 0.11589041 | J39: =H39/(1+I39) -> 1.4806779 | K39: 2.5 | L39: =K39/J39-1 -> 0.68841581 | M39: =I39*(K39/L39) -> 0.42085906 | O39: 0.11 | P39: 527.71 | Q39: 461.04 | R39: 482.51 | S39: 500.59 | T39: 498.33 | V39: =(((($D39/10)/P39)*10000)^2)*(($H39*1000*(1+$O39)*(1-2*($O39)))/(1-$O39))/1000000 -> 78.337719 | W39: =(((($D39/10)/Q39)*10000)^2)*(($H39*1000*(1+$O39)*(1-2*($O39)))/(1-$O39))/1000000 -> 102.63237 | X39: =(((($D39/10)/R39)*10000)^2)*(($H39*1000*(1+$O39)*(1-2*($O39)))/(1-$O39))/1000000 -> 93.702016 | Y39: =(((($D39/10)/S39)*10000)^2)*(($H39*1000*(1+$O39)*(1-2*($O39)))/(1-$O39))/1000000 -> 87.055704 | Z39: =(((($D39/10)/T39)*10000)^2)*(($H39*1000*(1+$O39)*(1-2*($O39)))/(1-$O39))/1000000 -> 87.847115 | AA39: 0 | AB39: =AVERAGE(P39:T39) -> 494.036 | AC39: =_xlfn.STDEV.S(P39:T39) -> 24.581072 | AD39: =((((D39/10)/AB39)*10000)^2)*((H39*1000*(1+O39)*(1-2*(O39)))/(1-O39))/1000000 -> 89.380829 | AE39: =AD39 -> 89.380829 | AF39: =_xlfn.STDEV.S(V39:Z39) -> 8.9799518 | AH39: 0.0019200192 | AI39: 0.0018700187 | AJ39: 0.0018600186 | AK39: 0.001900019 | AL39: 0.0019300193 | AM39: =AVERAGE(AH39:AL39) -> 0.001896019 | AN39: 46.693929 | AO39: 53.606398 | AP39: 54.988892 | AQ39: 49.458917 | AR39: 45.311435 | AS39: =AVERAGE(AN39:AR39) -> 50.011914 | AT39: 50.011897 | AU39: =_xlfn.STDEV.S(AN39:AR39) -> 4.2160395 | AW39: =AD39-AT39 -> 39.368931 | AX39: =ABS(AW39)/AD39 -> 0.44046281
B40: M2 - Est | C40: 25 | D40: =AVERAGE(116.5,116.2,116.4,116.3) -> 116.35 | E40: 101 | F40: =(D40/10)*(PI()/4)*((E40/10)^2) -> 932.17836 | G40: 1576.4 | H40: =G40/F40 -> 1.6910927 | I40: 0.13460443 | J40: =H40/(1+I40) -> 1.490469 | K40: 2.5 | L40: =K40/J40-1 -> 0.67732443 | M40: =I40*(K40/L40) -> 0.49682405 | O40: 0.13 | P40: 597.77 | Q40: 474.6 | R40: 523.19 | S40: 461.04 | T40: 493.81 | V40: =(((($D40/10)/P40)*10000)^2)*(($H40*1000*(1+$O40)*(1-2*($O40)))/(1-$O40))/1000000 -> 61.577615 | W40: =(((($D40/10)/Q40)*10000)^2)*(($H40*1000*(1+$O40)*(1-2*($O40)))/(1-$O40))/1000000 -> 97.686743 | X40: =(((($D40/10)/R40)*10000)^2)*(($H40*1000*(1+$O40)*(1-2*($O40)))/(1-$O40))/1000000 -> 80.384484 | Y40: =(((($D40/10)/S40)*10000)^2)*(($H40*1000*(1+$O40)*(1-2*($O40)))/(1-$O40))/1000000 -> 103.51753 | Z40: =(((($D40/10)/T40)*10000)^2)*(($H40*1000*(1+$O40)*(1-2*($O40)))/(1-$O40))/1000000 -> 90.234234 | AA40: 0 | AB40: =AVERAGE(P40:T40) -> 510.082 | AC40: =_xlfn.STDEV.S(P40:T40) -> 54.290591 | AD40: =((((D40/10)/AB40)*10000)^2)*((H40*1000*(1+O40)*(1-2*(O40)))/(1-O40))/1000000 -> 84.568981 | AE40: =AD40 -> 84.568981 | AF40: =_xlfn.STDEV.S(V40:Z40) -> 16.485194 | AH40: 0.0018500185 | AI40: 0.0018500185 | AJ40: 0.0017400174 | AK40: 0.0018700187 | AL40: 0.0018700187 | AM40: =AVERAGE(AH40:AL40) -> 0.0018360184 | AN40: 56.115377 | AO40: 56.115377 | AP40: 71.361921 | AQ40: 53.343279 | AR40: 53.343279 | AS40: =AVERAGE(AN40:AR40) -> 58.055847 | AT40: 58.055829 | AU40: =_xlfn.STDEV.S(AN40:AR40) -> 7.5663572 | AW40: =AD40-AT40 -> 26.513152 | AX40: =ABS(AW40)/AD40 -> 0.31350918
B41: M3 - Est | C41: 25 | D41: =AVERAGE(116.3,116.7,116.5) -> 116.5 | E41: 101 | F41: =(D41/10)*(PI()/4)*((E41/10)^2) -> 933.38014 | G41: 1627.8 | H41: =G41/F41 -> 1.743984 | I41: 0.1402803 | J41: =H41/(1+I41) -> 1.5294345 | K41: 2.5 | L41: =K41/J41-1 -> 0.63459114 | M41: =I41*(K41/L41) -> 0.55264047 | O41: 0.16 | P41: 491.55 | Q41: 491.55 | R41: 517.54 | S41: 553.7 | T41: 586.47 | V41: =(((($D41/10)/P41)*10000)^2)*(($H41*1000*(1+$O41)*(1-2*($O41)))/(1-$O41))/1000000 -> 91.991257 | W41: =(((($D41/10)/Q41)*10000)^2)*(($H41*1000*(1+$O41)*(1-2*($O41)))/(1-$O41))/1000000 -> 91.991257 | X41: =(((($D41/10)/R41)*10000)^2)*(($H41*1000*(1+$O41)*(1-2*($O41)))/(1-$O41))/1000000 -> 82.983952 | Y41: =(((($D41/10)/S41)*10000)^2)*(($H41*1000*(1+$O41)*(1-2*($O41)))/(1-$O41))/1000000 -> 72.499149 | Z41: =(((($D41/10)/T41)*10000)^2)*(($H41*1000*(1+$O41)*(1-2*($O41)))/(1-$O41))/1000000 -> 64.623482 | AA41: 0 | AB41: =Q41+AA41 -> 491.55 | AC41: =_xlfn.STDEV.S(P41:T41) -> 41.369422 | AD41: =((((D41/10)/AB41)*10000)^2)*((H41*1000*(1+O41)*(1-2*(O41)))/(1-O41))/1000000 -> 91.991257 | AE41: =AD41 -> 91.991257 | AF41: =_xlfn.STDEV.S(V41:Z41) -> 12.10207 | AH41: 0.0014100141 | AI41: 0.001400014 | AJ41: 0.0013700137 | AK41: 0.0014200142 | AL41: 0.0015200152 | AM41: =AVERAGE(AH41:AL41) -> 0.0014240142 | AN41: 184.26622 | AO41: 191.18309 | AP41: 211.93369 | AQ41: 177.34936 | AR41: 108.1807 | AS41: =AVERAGE(AN41:AR41) -> 174.58261 | AT41: 174.58244 | AU41: =_xlfn.STDEV.S(AN41:AQ41) -> 14.942138 | AW41: =AD41-AT41 -> -82.591181 | AX41: =ABS(AW41)/AD41 -> 0.89781554
B42: M4 - Est | C42: 25 | D42: =AVERAGE(116.5,116.2,116.4,116.3) -> 116.35 | E42: 101 | F42: =(D42/10)*(PI()/4)*((E42/10)^2) -> 932.17836 | G42: 1661.2 | H42: =G42/F42 -> 1.7820624 | I42: 0.15156951 | J42: =H42/(1+I42) -> 1.5475075 | K42: 2.5 | L42: =K42/J42-1 -> 0.6155011 | M42: =I42*(K42/L42) -> 0.61563459 | O42: 0.22 | P42: 476.86 | Q42: 438.44 | R42: 414.71 | S42: 323.18 | T42: 392.11 | V42: =(((($D42/10)/P42)*10000)^2)*(($H42*1000*(1+$O42)*(1-2*($O42)))/(1-$O42))/1000000 -> 92.92384 | W42: =(((($D42/10)/Q42)*10000)^2)*(($H42*1000*(1+$O42)*(1-2*($O42)))/(1-$O42))/1000000 -> 109.92301 | X42: =(((($D42/10)/R42)*10000)^2)*(($H42*1000*(1+$O42)*(1-2*($O42)))/(1-$O42))/1000000 -> 122.86266 | Y42: =(((($D42/10)/S42)*10000)^2)*(($H42*1000*(1+$O42)*(1-2*($O42)))/(1-$O42))/1000000 -> 202.31123 | Z42: =(((($D42/10)/T42)*10000)^2)*(($H42*1000*(1+$O42)*(1-2*($O42)))/(1-$O42))/1000000 -> 137.43366 | AA42: 0 | AB42: =AVERAGE(P42:T42) -> 409.06 | AC42: =_xlfn.STDEV.S(P42:T42) -> 57.346804 | AD42: =((((D42/10)/AB42)*10000)^2)*((H42*1000*(1+O42)*(1-2*(O42)))/(1-O42))/1000000 -> 126.2801 | AE42: =AD42 -> 126.2801 | AF42: =_xlfn.STDEV.S(V42:X42,Z42) -> 18.936325 | AH42: 0.0017400174 | AI42: 0.0016400164 | AJ42: 0.0016200162 | AK42: 0.0016200162 | AL42: 0.0016400164 | AM42: =AVERAGE(AH42:AL42) -> 0.0016520165 | AN42: 70.371918 | AO42: 84.394703 | AP42: 87.19926 | AQ42: 87.19926 | AR42: 84.394703 | AS42: =AVERAGE(AN42:AR42) -> 82.711969 | AT42: 82.71195 | AU42: =_xlfn.STDEV.S(AN42:AR42) -> 7.0393823 | AW42: =AD42-AT42 -> 43.568147 | AX42: =ABS(AW42)/AD42 -> 0.34501199
B44: MEDICIÓN #4
B46: Datos Probetas | O46: Análisis Velocidad Onda P | AH46: Mod. E Pelotazo | AW46: Analisis Errores
B47: Probeta | C47: Energía | D47: Altura | E47: Diámetro | F47: Volumen | G47: Masa | H47: Densidad | I47: Humedad | J47: Den. Seca | K47: GS | L47: e | M47: Saturación | O47: Poisson | P47: TV1 | Q47: TV2 | R47: TV3 | S47: TV4 | T47: TV5 | AB47: TV prom | AD47: Mod E | AH47: TOF1 | AI47: TOF2 | AJ47: TOF3 | AK47: TOF4 | AL47: TOF5 | AM47: TOF Prom | AN47: E1 | AO47: E2 | AP47: E3 | AQ47: E4 | AR47: E5 | AS47: Mod E | AT47: Mod E | AW47: Diferencia | AX47: % Error
B48: - | C48: Golpes | D48: mm | E48: mm | F48: cm3 | G48: g | H48: g/cm3 | I48: % | J48: g/cm3 | K48: - | L48: - | M48: % | O48: - | P48: us | Q48: us | R48: us | S48: us | T48: us | AB48: us | AD48: Mpa | AH48: s | AI48: s | AJ48: s | AK48: s | AL48: s | AM48: s | AN48: Mpa | AO48: Mpa | AP48: Mpa | AQ48: Mpa | AR48: Mpa | AS48: Average | AT48: Mpa | AW48: Mpa | AX48: %
B49: M4 - Mod | C49: 56 | D49: =AVERAGE(116.3,116.7,116.5) -> 116.5 | E49: 101 | F49: =(D49/10)*(PI()/4)*((E49/10)^2) -> 933.38014 | G49: 1896.2 | H49: =G49/F49 -> 2.031541 | I49: 0.14308617 | J49: =H49/(1+I49) -> 1.7772422 | K49: 2.5 | L49: =K49/J49-1 -> 0.40667378 | M49: =I49*(K49/L49) -> 0.87961273 | O49: 0.46 | P49: 342.39 | Q49: 291.54 | R49: 249.73 | S49: 368.38 | T49: 240.69 | V49: =(((($D49/10)/P49)*10000)^2)*(($H49*1000*(1+$O49)*(1-2*($O49)))/(1-$O49))/1000000 -> 50.872652 | W49: =(((($D49/10)/Q49)*10000)^2)*(($H49*1000*(1+$O49)*(1-2*($O49)))/(1-$O49))/1000000 -> 70.166566 | X49: =(((($D49/10)/R49)*10000)^2)*(($H49*1000*(1+$O49)*(1-2*($O49)))/(1-$O49))/1000000 -> 95.628003 | Y49: =(((($D49/10)/S49)*10000)^2)*(($H49*1000*(1+$O49)*(1-2*($O49)))/(1-$O49))/1000000 -> 43.947526 | Z49: =(((($D49/10)/T49)*10000)^2)*(($H49*1000*(1+$O49)*(1-2*($O49)))/(1-$O49))/1000000 -> 102.94623 | AA49: 0 | AB49: =T49+AA49 -> 240.69 | AC49: =_xlfn.STDEV.S(P49:T49) -> 56.076926 | AD49: =((((D49/10)/AB49)*10000)^2)*((H49*1000*(1+O49)*(1-2*(O49)))/(1-O49))/1000000 -> 102.94623 | AE49: =AVERAGE(V49:Z49) -> 72.712195 | AF49: =_xlfn.STDEV.S(V49:Z49) -> 26.220616 | AH49: 0.0013700137 | AI49: 0.0013300133 | AJ49: 0.0013200132 | AK49: 0.001300013 | AL49: 0.001300013 | AM49: =AVERAGE(AH49:AL49) -> 0.0013240132 | AN49: 185.07504 | AO49: 212.95563 | AP49: 219.92578 | AQ49: 233.86608 | AR49: 233.86608 | AS49: =AVERAGE(AN49:AR49) -> 217.13772 | AT49: 217.13761 | AU49: =_xlfn.STDEV.S(AN49:AR49) -> 20.080803 | AW49: =AD49-AT49 -> -114.19138 | AX49: =ABS(AW49)/AD49 -> 1.1092333
B50: M5 - Mod | C50: 56 | D50: =AVERAGE(116.5,116.2,116.4,116.3) -> 116.35 | E50: 101 | F50: =(D50/10)*(PI()/4)*((E50/10)^2) -> 932.17836 | G50: 1853.2 | H50: =G50/F50 -> 1.9880316 | I50: 0.17279256 | J50: =H50/(1+I50) -> 1.6951263 | K50: 2.5 | L50: =K50/J50-1 -> 0.47481633 | M50: =I50*(K50/L50) -> 0.90978634 | O50: 0.47 | P50: 415.84 | Q50: 463.3 | R50: 423.75 | S50: 420.36 | T50: 413.58 | V50: =(((($D50/10)/P50)*10000)^2)*(($H50*1000*(1+$O50)*(1-2*($O50)))/(1-$O50))/1000000 -> 25.89979 | W50: =(((($D50/10)/Q50)*10000)^2)*(($H50*1000*(1+$O50)*(1-2*($O50)))/(1-$O50))/1000000 -> 20.865278 | X50: =(((($D50/10)/R50)*10000)^2)*(($H50*1000*(1+$O50)*(1-2*($O50)))/(1-$O50))/1000000 -> 24.941889 | Y50: =(((($D50/10)/S50)*10000)^2)*(($H50*1000*(1+$O50)*(1-2*($O50)))/(1-$O50))/1000000 -> 25.3458 | Z50: =(((($D50/10)/T50)*10000)^2)*(($H50*1000*(1+$O50)*(1-2*($O50)))/(1-$O50))/1000000 -> 26.183621 | AA50: 0 | AB50: =AVERAGE(P50:T50)+AA50 -> 427.366 | AC50: =_xlfn.STDEV.S(P50:T50) -> 20.471409 | AD50: =((((D50/10)/AB50)*10000)^2)*((H50*1000*(1+O50)*(1-2*(O50)))/(1-O50))/1000000 -> 24.521601 | AE50: =AVERAGE(V50:Z50) -> 24.647275 | AF50: =_xlfn.STDEV.S(V50:Z50) -> 2.1683745 | AH50: 0.0015900159 | AI50: 0.0014900149 | AJ50: 0.0014600146 | AK50: 0.0014600146 | AL50: 0.0014200142 | AM50: =AVERAGE(AH50:AL50) -> 0.0014840148 | AN50: 86.390919 | AO50: 100.01709 | AP50: 120.9396 | AQ50: 120.9396 | AR50: 148.83628 | AS50: =AVERAGE(AN50:AR50) -> 115.42469 | AT50: 104.20158 | AU50: =_xlfn.STDEV.S(AO50:AR50) -> 20.031778 | AW50: =AD50-AT50 -> -79.679981 | AX50: =ABS(AW50)/AD50 -> 3.2493792
B51: M6 - Mod | C51: 56 | D51: =AVERAGE(116.5,116.2,116.4,116.3) -> 116.35 | E51: 101 | F51: =(D51/10)*(PI()/4)*((E51/10)^2) -> 932.17836 | G51: 1805 | H51: =G51/F51 -> 1.9363247 | I51: 0.18634375 | J51: =H51/(1+I51) -> 1.6321785 | K51: 2.5 | L51: =K51/J51-1 -> 0.53169525 | M51: =I51*(K51/L51) -> 0.87617743 | O51: 0.46 | P51: 574.04 | Q51: 996.66 | R51: 1033.95 | S51: 923.21 | T51: 1048.64 | V51: =(((($D51/10)/P51)*10000)^2)*(($H51*1000*(1+$O51)*(1-2*($O51)))/(1-$O51))/1000000 -> 17.205834 | W51: =(((($D51/10)/Q51)*10000)^2)*(($H51*1000*(1+$O51)*(1-2*($O51)))/(1-$O51))/1000000 -> 5.7077638 | X51: =(((($D51/10)/R51)*10000)^2)*(($H51*1000*(1+$O51)*(1-2*($O51)))/(1-$O51))/1000000 -> 5.3034805 | Y51: =(((($D51/10)/S51)*10000)^2)*(($H51*1000*(1+$O51)*(1-2*($O51)))/(1-$O51))/1000000 -> 6.6521043 | Z51: =(((($D51/10)/T51)*10000)^2)*(($H51*1000*(1+$O51)*(1-2*($O51)))/(1-$O51))/1000000 -> 5.1559323 | AA51: 0 | AB51: =P51+AA51 -> 574.04 | AC51: =_xlfn.STDEV.S(P51:T51) -> 196.84879 | AD51: =((((D51/10)/AB51)*10000)^2)*((H51*1000*(1+O51)*(1-2*(O51)))/(1-O51))/1000000 -> 17.205834 | AE51: =AVERAGE(V51:Z51) -> 8.005023 | AF51: =_xlfn.STDEV.S(V51:Z51) -> 5.1763493 | AH51: 0.001600016 | AI51: 0.001600016 | AJ51: 0.0015300153 | AK51: 0.0015300153 | AL51: 0.0016200162 | AM51: =AVERAGE(AH51:AL51) -> 0.0015760158 | AN51: 85.272145 | AO51: 85.272145 | AP51: 94.822954 | AQ51: 94.822954 | AR51: 82.543343 | AS51: =AVERAGE(AN51:AR51) -> 88.546708 | AT51: 88.546708 | AU51: =_xlfn.STDEV.S(AN51:AR51) -> 5.8367038 | AW51: =AD51-AT51 -> -71.340874 | AX51: =ABS(AW51)/AD51 -> 4.1463188
B52: M5 - Est | C52: 25 | D52: =AVERAGE(116.5,116.2,116.4,116.3) -> 116.35 | E52: 101 | F52: =(D52/10)*(PI()/4)*((E52/10)^2) -> 932.17836 | G52: 1748.2 | H52: =G52/F52 -> 1.8753922 | I52: 0.16556029 | J52: =H52/(1+I52) -> 1.6090049 | K52: 2.5 | L52: =K52/J52-1 -> 0.5537554 | M52: =I52*(K52/L52) -> 0.74744321 | O52: 0.4 | P52: 397.76 | Q52: 418.1 | R52: 400.02 | S52: 389.85 | T52: 402.28 | V52: =(((($D52/10)/P52)*10000)^2)*(($H52*1000*(1+$O52)*(1-2*($O52)))/(1-$O52))/1000000 -> 74.88407 | W52: =(((($D52/10)/Q52)*10000)^2)*(($H52*1000*(1+$O52)*(1-2*($O52)))/(1-$O52))/1000000 -> 67.77528 | X52: =(((($D52/10)/R52)*10000)^2)*(($H52*1000*(1+$O52)*(1-2*($O52)))/(1-$O52))/1000000 -> 74.040313 | Y52: =(((($D52/10)/S52)*10000)^2)*(($H52*1000*(1+$O52)*(1-2*($O52)))/(1-$O52))/1000000 -> 77.953672 | Z52: =(((($D52/10)/T52)*10000)^2)*(($H52*1000*(1+$O52)*(1-2*($O52)))/(1-$O52))/1000000 -> 73.210736 | AA52: 0 | AB52: =AVERAGE(P52:T52) -> 401.602 | AC52: =_xlfn.STDEV.S(P52:T52) -> 10.344284 | AD52: =((((D52/10)/AB52)*10000)^2)*((H52*1000*(1+O52)*(1-2*(O52)))/(1-O52))/1000000 -> 73.458139 | AE52: =AVERAGE(V52:Z52) -> 73.572814 | AF52: =_xlfn.STDEV.S(V52:Z52) -> 3.7037942 | AH52: 0.0016800168 | AI52: 0.001700017 | AJ52: 0.0016800168 | AK52: 0.0016600166 | AL52: 0.0017100171 | AM52: =AVERAGE(AH52:AL52) -> 0.0016860169 | AN52: 75.681556 | AO52: 72.914213 | AP52: 75.681556 | AQ52: 78.448898 | AR52: 71.530542 | AS52: =AVERAGE(AN52:AR52) -> 74.851353 | AT52: 74.851348 | AU52: =_xlfn.STDEV.S(AN52:AR52) -> 2.6972719 | AW52: =AD52-AT52 -> -1.3932086 | AX52: =ABS(AW52)/AD52 -> 0.018966021
B53: M6 - Est | C53: 25 | D53: =AVERAGE(116.5,116.2,116.4,116.3) -> 116.35 | E53: 101 | F53: =(D53/10)*(PI()/4)*((E53/10)^2) -> 932.17836 | G53: 1788.6 | H53: =G53/F53 -> 1.9187315 | I53: 0.19470447 | J53: =H53/(1+I53) -> 1.6060303 | K53: 2.5 | L53: =K53/J53-1 -> 0.55663319 | M53: =I53*(K53/L53) -> 0.87447385 | O53: 0.46 | P53: 870.1 | Q53: 706.25 | R53: 197.75 | S53: 72.32 | V53: =(((($D53/10)/P53)*10000)^2)*(($H53*1000*(1+$O53)*(1-2*($O53)))/(1-$O53))/1000000 -> 7.4209197 | W53: =(((($D53/10)/Q53)*10000)^2)*(($H53*1000*(1+$O53)*(1-2*($O53)))/(1-$O53))/1000000 -> 11.26365 | AA53: 0 | AB53: =AVERAGE(P53:T53) -> 461.605 | AC53: =_xlfn.STDEV.S(P53:T53) -> 386.38565 | AD53: =((((D53/10)/AB53)*10000)^2)*((H53*1000*(1+O53)*(1-2*(O53)))/(1-O53))/1000000 -> 26.366656 | AE53: =AVERAGE(V53:Z53) -> 9.3422848 | AF53: =_xlfn.STDEV.S(V53:W53) -> 2.7172207 | AH53: 0.0022200222 | AI53: 0.0017200172 | AJ53: 0.001700017 | AK53: 0.0017900179 | AL53: 0.0024200242 | AM53: =AVERAGE(AH53:AL53) -> 0.0019700197 | AO53: 68.89933 | AP53: 71.628133 | AQ53: 59.348522 | AS53: =AVERAGE(AN53:AR53) -> 66.625328 | AT53: 34.789304 | AU53: =_xlfn.STDEV.S(AO53:AQ53) -> 6.4479087 | AW53: =AD53-AT53 -> -8.4226477 | AX53: =ABS(AW53)/AD53 -> 0.31944315
B54: M2 - Mod | C54: 25 | D54: =AVERAGE(116.5,116.2,116.4,116.3) -> 116.35 | E54: 101 | F54: =(D54/10)*(PI()/4)*((E54/10)^2) -> 932.17836 | G54: 1781.4 | H54: =G54/F54 -> 1.9110077 | I54: 0.13297333 | J54: =H54/(1+I54) -> 1.686719 | K54: 2.5 | L54: =K54/J54-1 -> 0.48216742 | M54: =I54*(K54/L54) -> 0.68945619 | O54: 0.32 | P54: 364.99 | Q54: 287.02 | R54: 303.97 | S54: 238.43 | T54: 250.86 | V54: =(((($D54/10)/P54)*10000)^2)*(($H54*1000*(1+$O54)*(1-2*($O54)))/(1-$O54))/1000000 -> 135.70655 | W54: =(((($D54/10)/Q54)*10000)^2)*(($H54*1000*(1+$O54)*(1-2*($O54)))/(1-$O54))/1000000 -> 219.45143 | X54: =(((($D54/10)/R54)*10000)^2)*(($H54*1000*(1+$O54)*(1-2*($O54)))/(1-$O54))/1000000 -> 195.65965 | Z54: =(((($D54/10)/T54)*10000)^2)*(($H54*1000*(1+$O54)*(1-2*($O54)))/(1-$O54))/1000000 -> 287.27636 | AA54: 0 | AB54: =AVERAGE(P54:T54) -> 289.054 | AC54: =_xlfn.STDEV.S(P54:T54) -> 50.036165 | AD54: =((((D54/10)/AB54)*10000)^2)*((H54*1000*(1+O54)*(1-2*(O54)))/(1-O54))/1000000 -> 216.37384 | AE54: =AVERAGE(V54:Z54) -> 209.5235 | AF54: =_xlfn.STDEV.S(W54:X54) -> 16.823323 | AH54: 0.0014200142 | AI54: 0.0014200142 | AJ54: 0.001400014 | AK54: 0.0013900139 | AL54: 0.001400014 | AM54: =AVERAGE(AH54:AL54) -> 0.0014060141 | AN54: 169.48988 | AO54: 169.48988 | AP54: 183.31854 | AQ54: 190.23288 | AR54: 183.31854 | AS54: =AVERAGE(AN54:AR54) -> 179.16994 | AT54: 179.16978 | AU54: =_xlfn.STDEV.S(AN54:AR54) -> 9.2765516 | AW54: =AD54-AT54 -> 37.204064 | AX54: =ABS(AW54)/AD54 -> 0.17194344
B55: M3 - Mod | C55: 25 | D55: =AVERAGE(116.5,116.2,116.4,116.3) -> 116.35 | E55: 101 | F55: =(D55/10)*(PI()/4)*((E55/10)^2) -> 932.17836 | G55: 1808.4 | H55: =G55/F55 -> 1.9399721 | I55: 0.15578764 | J55: =H55/(1+I55) -> 1.6784849 | K55: 2.5 | L55: =K55/J55-1 -> 0.48943849 | M55: =I55*(K55/L55) -> 0.79574678 | O55: 0.44 | P55: 283.63 | Q55: 277.98 | R55: 296.06 | S55: 363.86 | T55: 279.11 | V55: =(((($D55/10)/P55)*10000)^2)*(($H55*1000*(1+$O55)*(1-2*($O55)))/(1-$O55))/1000000 -> 100.73483 | W55: =(((($D55/10)/Q55)*10000)^2)*(($H55*1000*(1+$O55)*(1-2*($O55)))/(1-$O55))/1000000 -> 104.87135 | X55: =(((($D55/10)/R55)*10000)^2)*(($H55*1000*(1+$O55)*(1-2*($O55)))/(1-$O55))/1000000 -> 92.453743 | Y55: =(((($D55/10)/S55)*10000)^2)*(($H55*1000*(1+$O55)*(1-2*($O55)))/(1-$O55))/1000000 -> 61.209008 | Z55: =(((($D55/10)/T55)*10000)^2)*(($H55*1000*(1+$O55)*(1-2*($O55)))/(1-$O55))/1000000 -> 104.02391 | AA55: 0 | AB55: =AVERAGE(P55:T55) -> 300.128 | AC55: =_xlfn.STDEV.S(P55:T55) -> 36.341404 | AD55: =((((D55/10)/AB55)*10000)^2)*((H55*1000*(1+O55)*(1-2*(O55)))/(1-O55))/1000000 -> 89.964452 | AE55: =AVERAGE(V55:Z55) -> 92.658568 | AF55: =_xlfn.STDEV.S(V55:Z55) -> 18.252848 | AH55: 0.0014800148 | AI55: 0.0015200152 | AJ55: 0.001500015 | AK55: 0.0015100151 | AL55: 0.0015700157 | AM55: =AVERAGE(AH55:AL55) -> 0.0015160152 | AN55: 111.22282 | AO55: 89.872768 | AP55: 96.726592 | AQ55: 99.468121 | AR55: 98.097357 | AS55: =AVERAGE(AN55:AR55) -> 99.077533 | AT55: 97.274894 | AU55: =_xlfn.STDEV.S(AN55:AR55) -> 7.7278075 | AW55: =AD55-AT55 -> -7.3104421 | AX55: =ABS(AW55)/AD55 -> 0.08125923
B56: M4 - Mod | C56: 25 | D56: =AVERAGE(116.5,116.2,116.4,116.3) -> 116.35 | E56: 101 | F56: =(D56/10)*(PI()/4)*((E56/10)^2) -> 932.17836 | G56: 1746.2 | H56: =G56/F56 -> 1.8732467 | I56: 0.16935065 | J56: =H56/(1+I56) -> 1.6019546 | K56: 2.5 | L56: =K56/J56-1 -> 0.56059353 | M56: =I56*(K56/L56) -> 0.75522923 | O56: 0.4 | P56: 448.61 | Q56: 480.25 | R56: 359.34 | S56: 479.12 | T56: 418.1 | V56: =(((($D56/10)/P56)*10000)^2)*(($H56*1000*(1+$O56)*(1-2*($O56)))/(1-$O56))/1000000 -> 58.802613 | W56: =(((($D56/10)/Q56)*10000)^2)*(($H56*1000*(1+$O56)*(1-2*($O56)))/(1-$O56))/1000000 -> 51.309736 | X56: =(((($D56/10)/R56)*10000)^2)*(($H56*1000*(1+$O56)*(1-2*($O56)))/(1-$O56))/1000000 -> 91.648085 | Y56: =(((($D56/10)/S56)*10000)^2)*(($H56*1000*(1+$O56)*(1-2*($O56)))/(1-$O56))/1000000 -> 51.552048 | Z56: =(((($D56/10)/T56)*10000)^2)*(($H56*1000*(1+$O56)*(1-2*($O56)))/(1-$O56))/1000000 -> 67.697743 | AA56: 0 | AB56: =R56+AA56 -> 359.34 | AC56: =_xlfn.STDEV.S(P56:T56) -> 50.417505 | AD56: =((((D56/10)/AB56)*10000)^2)*((H56*1000*(1+O56)*(1-2*(O56)))/(1-O56))/1000000 -> 91.648085 | AE56: =AVERAGE(V56:Z56) -> 64.202045 | AF56: =_xlfn.STDEV.S(V56:Z56) -> 16.73987 | AH56: 0.0014800148 | AI56: 0.0014200142 | AJ56: 0.0014600146 | AK56: 0.0014600146 | AM56: =AVERAGE(AH56:AL56) -> 0.0014550146 | AN56: 116.84222 | AO56: 158.51893 | AP56: 130.73446 | AQ56: 130.73446 | AS56: =AVERAGE(AN56:AR56) -> 134.20752 | AT56: 134.20744 | AU56: =_xlfn.STDEV.S(AN56:AR56) -> 17.48068 | AW56: =AD56-AT56 -> -42.559358 | AX56: =ABS(AW56)/AD56 -> 0.46437804
Z63: y | AB63: x
Z64: 0 | AB64: 0
Z65: 1000 | AB65: 1000
V74: Evv | Y74: Essw
V75: =AD35 -> 347.50446 | W75: =AF35 -> 17.561095 | Y75: =AT35 -> 222.89555 | Z75: =AU35 -> 14.169241
V76: =AD36 -> 182.24481 | W76: =AF36 -> 21.027186 | Y76: =AT36 -> 221.83875 | Z76: =AU36 -> 31.721744
V77: =AD37 -> 406.88367 | W77: =AF37 -> 31.30348 | Y77: =AT37 -> 277.08026 | Z77: =AU37 -> 6.9198523
V78: =AD38 -> 399.4893 | W78: =AF38 -> 49.42422 | Y78: =AT38 -> 305.52195 | Z78: =AU38 -> 17.858078 | AG78: equity line
V79: =AD39 -> 89.380829 | W79: =AF39 -> 8.9799518 | Y79: =AT39 -> 50.011897 | Z79: =AU39 -> 4.2160395 | AG79: trend line
V80: =AD40 -> 84.568981 | W80: =AF40 -> 16.485194 | Y80: =AT40 -> 58.055829 | Z80: =AU40 -> 7.5663572
V81: =AD41 -> 91.991257 | W81: =AF41 -> 12.10207 | Y81: =AT41 -> 174.58244 | Z81: =AU41 -> 14.942138
V82: =AD42 -> 126.2801 | W82: =AF42 -> 18.936325 | Y82: =AT42 -> 82.71195 | Z82: =AU42 -> 7.0393823
V83: =AD49 -> 102.94623 | W83: =AF49 -> 26.220616 | Y83: =AT49 -> 217.13761 | Z83: =AU49 -> 20.080803
V86: =AD52 -> 73.458139 | W86: =AF52 -> 3.7037942 | Y86: =AT52 -> 74.851348 | Z86: =AU52 -> 2.6972719
V87: =AD53 -> 26.366656 | W87: =AF53 -> 2.7172207 | Y87: =AT53 -> 34.789304 | Z87: =AU53 -> 6.4479087
V88: =AD54 -> 216.37384 | W88: =AF54 -> 16.823323 | Y88: =AT54 -> 179.16978 | Z88: =AU54 -> 9.2765516
V89: =AD55 -> 89.964452 | W89: =AF55 -> 18.252848 | Y89: =AT55 -> 97.274894 | Z89: =AU55 -> 7.7278075
V90: =AD56 -> 91.648085 | W90: =AF56 -> 16.73987 | Y90: =AT56 -> 134.20744 | Z90: =AU56 -> 17.48068

Sheet SawBown_Calibration
B2: TEST #1 - Int = 0.0023 y V0 = 0.22 | K2: TEST #2 - Int = 0.0024 y V0 = 0.26
T3: Valores de TOF Saw Bones
B4: Denominación | C4: Mod_E | D4: Poisson | E4: k_factor | F4: TOF_NUM | G4: TOF_EXP | H4: Diff | I4: TOF_EXP | K4: Denominación | L4: Mod_E | M4: Poisson | N4: k_factor | O4: TOF_NUM | P4: TOF_EXP | Q4: Diff | R4: TOF_EXP | T4: PCF05 | U4: PCF08 | V4: PCF10 | W4: PCF12 | X4: PCF15 | Y4: PCF20 | Z4: PCF30
C5: [Mpa] | L5: [Mpa] | T5: 0.0019336315 | U5: 0.0017773785 | V5: 0.0017383152 | W5: 0.0015820621 | X5: 0.0014648724 | Y5: 0.0013086193 | Z5: 0.0011523663 | AA5: 1
B6: PCF_05 | C6: 16 | D6: 0.495 | E6: 1.2222859 | F6: 0.0019588925 | G6: {=INDEX($T$5:$T$17,MATCH(MIN(ABS($T$5:$T$17-F6)),ABS($T$5:$T$17-F6),0))} -> 0.0019726948 | H6: =(F6-G6)/F6 -> -0.0070459605 | I6: =MATCH(G6,$T$5:$T$20,0) -> 10 | K6: PCF_05 | L6: 16 | M6: 0.495 | N6: 1.2222859 | O6: 0.0020050159 | P6: {=INDEX($T$5:$T$17,MATCH(MIN(ABS($T$5:$T$17-O6)),ABS($T$5:$T$17-O6),0))} -> 0.0019726948 | Q6: =(O6-P6)/O6 -> 0.016120132 | R6: =MATCH(P6,$T$5:$T$20,0) -> 2 | T6: 0.0019726948 | U6: 0.0017578468 | V6: 0.0016601887 | W6: 0.0015429989 | X6: 0.0014453407 | Y6: 0.0013086193 | Z6: 0.0011523663 | AA6: 2
B7: PCF_08 | C7: 38 | D7: 0.495 | E7: 1.1075853 | F7: 0.0017471548 | G7: {=INDEX($U$5:$U$17,MATCH(MIN(ABS($U$5:$U$17-F7)),ABS($U$5:$U$17-F7),0))} -> 0.0017383152 | H7: =(F7-G7)/F7 -> 0.0050594249 | I7: =MATCH(G7,$U$5:$U$20,0) -> 5 | K7: PCF_08 | L7: 38 | M7: 0.495 | N7: 1.1075853 | O7: 0.0017683666 | P7: {=INDEX($U$5:$U$17,MATCH(MIN(ABS($U$5:$U$17-O7)),ABS($U$5:$U$17-O7),0))} -> 0.0017773785 | Q7: =(O7-P7)/O7 -> -0.0050961517 | R7: =MATCH(P7,$U$5:$U$20,0) -> 13 | T7: 0.0019140999 | U7: 0.0016992519 | V7: 0.0016797203 | W7: 0.0015429989 | X7: 0.0014453407 | Y7: 0.0012890877 | Z7: 0.0011328346 | AA7: 3
B8: PCF_10 | C8: 58 | D8: 0.495 | E8: 1.0800307 | F8: 0.0016311323 | G8: {=INDEX($V$5:$V$17,MATCH(MIN(ABS($V$5:$V$17-F8)),ABS($V$5:$V$17-F8),0))} -> 0.0016211254 | H8: =(F8-G8)/F8 -> 0.006134933 | I8: =MATCH(G8,$V$5:$V$20,0) -> 13 | K8: PCF_10 | L8: 58 | M8: 0.495 | N8: 1.0800307 | O8: 0.0016394028 | P8: {=INDEX($V$5:$V$17,MATCH(MIN(ABS($V$5:$V$17-O8)),ABS($V$5:$V$17-O8),0))} -> 0.0016211254 | Q8: =(O8-P8)/O8 -> 0.011148808 | R8: =MATCH(P8,$V$5:$V$20,0) -> 13 | T8: 0.0019336315 | U8: 0.0017187836 | V8: 0.0016797203 | W8: 0.0015234673 | X8: 0.0014453407 | Y8: 0.0013086193 | Z8: 0.0011718979 | AA8: 4
B9: PCF_12 | C9: 81 | D9: 0.495 | E9: 1.0581458 | F9: 0.0015408515 | G9: {=INDEX($W$5:$W$17,MATCH(MIN(ABS($W$5:$W$17-F9)),ABS($W$5:$W$17-F9),0))} -> 0.0015429989 | H9: =(F9-G9)/F9 -> -0.0013936364 | I9: =MATCH(G9,$W$5:$W$20,0) -> 2 | K9: PCF_12 | L9: 81 | M9: 0.495 | N9: 1.0581458 | O9: 0.0015429528 | P9: {=INDEX($W$5:$W$17,MATCH(MIN(ABS($W$5:$W$17-O9)),ABS($W$5:$W$17-O9),0))} -> 0.0015429989 | Q9: =(O9-P9)/O9 -> -2.9869152e-05 | R9: =MATCH(P9,$W$5:$W$20,0) -> 2 | T9: 0.0019140999 | U9: 0.0017383152 | V9: 0.0016601887 | W9: 0.0015429989 | X9: 0.0014453407 | Y9: 0.0012890877 | Z9: 0.0011328346 | AA9: 5
B10: PCF_15 | C10: 123 | D10: 0.495 | E10: 1.0347568 | F10: 0.0014332802 | G10: {=INDEX($X$5:$X$17,MATCH(MIN(ABS($X$5:$X$17-F10)),ABS($X$5:$X$17-F10),0))} -> 0.0014258091 | H10: =(F10-G10)/F10 -> 0.0052125901 | I10: =MATCH(G10,$X$5:$X$20,0) -> 12 | K10: PCF_15 | L10: 123 | M10: 0.495 | N10: 1.0347568 | O10: 0.0014271023 | P10: {=INDEX($X$5:$X$17,MATCH(MIN(ABS($X$5:$X$17-O10)),ABS($X$5:$X$17-O10),0))} -> 0.0014258091 | Q10: =(O10-P10)/O10 -> 0.00090617341 | R10: =MATCH(P10,$X$5:$X$20,0) -> 12 | T10: 0.0019140999 | U10: 0.0018164417 | V10: 0.0017773785 | W10: 0.0016015938 | X10: 0.0014648724 | Y10: 0.0014062775 | Z10: 0.0011328346 | AA10: 6
B11: PCF_20 | C11: 210 | D11: 0.495 | E11: 1.0162234 | F11: 0.0013017835 | G11: {=INDEX($Y$5:$Y$17,MATCH(MIN(ABS($Y$5:$Y$17-F11)),ABS($Y$5:$Y$17-F11),0))} -> 0.0013086193 | H11: =(F11-G11)/F11 -> -0.0052511105 | I11: =MATCH(G11,$Y$5:$Y$20,0) -> 1 | K11: PCF_20 | L11: 210 | M11: 0.495 | N11: 1.0162234 | O11: 0.0012856774 | P11: {=INDEX($Y$5:$Y$17,MATCH(MIN(ABS($Y$5:$Y$17-O11)),ABS($Y$5:$Y$17-O11),0))} -> 0.0012890877 | Q11: =(O11-P11)/O11 -> -0.0026525141 | R11: =MATCH(P11,$Y$5:$Y$20,0) -> 3 | T11: 0.001855505 | U11: 0.0017578468 | V11: 0.0017187836 | W11: 0.0015820621 | X11: 0.0014453407 | Y11: 0.0013476826 | Z11: 0.001113303 | AA11: 7
B12: PCF_30 | C12: 445 | D12: 0.495 | E12: 1.0009672 | F12: 0.0011344167 | G12: {=INDEX($Z$5:$Z$17,MATCH(MIN(ABS($Z$5:$Z$17-F12)),ABS($Z$5:$Z$17-F12),0))} -> 0.0011328346 | H12: =(F12-G12)/F12 -> 0.0013946148 | I12: =MATCH(G12,$Z$5:$Z$20,0) -> 5 | K12: PCF_30 | L12: 445 | M12: 0.495 | N12: 1.0009672 | O12: 0.0011138666 | P12: {=INDEX($Z$5:$Z$17,MATCH(MIN(ABS($Z$5:$Z$17-O12)),ABS($Z$5:$Z$17-O12),0))} -> 0.001113303 | Q12: =(O12-P12)/O12 -> 0.00050599039 | R12: =MATCH(P12,$Z$5:$Z$20,0) -> 7 | T12: 0.0018750366 | U12: 0.0017578468 | V12: 0.0016992519 | W12: 0.0015820621 | X12: 0.0014453407 | Y12: 0.0013281509 | Z12: 0.0011328346 | AA12: 8
G13: Error Total: | H13: {=AVERAGE(ABS(H6:H12))} -> 0.0044988957 | P13: Error Total: | Q13: {=AVERAGE(ABS(Q6:Q12))} -> 0.0052085198 | T13: 0.0018945683 | U13: 0.0017187836 | V13: 0.0016992519 | W13: 0.0015820621 | X13: 0.0014648724 | Y13: 0.0013476826 | Z13: 0.0011328346 | AA13: 9
B14: PCF_05 | C14: 16 | D14: 0.3 | E14: 1.2913993 | F14: 0.0019689364 | G14: {=INDEX($T$5:$T$17,MATCH(MIN(ABS($T$5:$T$17-F14)),ABS($T$5:$T$17-F14),0))} -> 0.0019726948 | H14: =(F14-G14)/F14 -> -0.0019088373 | I14: =MATCH(G14,$T$5:$T$20,0) -> 10 | K14: PCF_05 | L14: 16 | M14: 0.3 | N14: 1.2913993 | O14: 0.0020296153 | P14: {=INDEX($T$5:$T$17,MATCH(MIN(ABS($T$5:$T$17-O14)),ABS($T$5:$T$17-O14),0))} -> 0.0019726948 | Q14: =(O14-P14)/O14 -> 0.028045001 | R14: =MATCH(P14,$T$5:$T$20,0) -> 2 | T14: 0.0019726948 | U14: 0.0017578468 | V14: 0.0016211254 | W14: 0.0015820621 | X14: 0.0014648724 | Y14: 0.0014062775 | Z14: 0.001113303 | AA14: 10
B15: PCF_08 | C15: 38 | D15: 0.3 | E15: 1.1646266 | F15: 0.0017766308 | G15: {=INDEX($U$5:$U$17,MATCH(MIN(ABS($U$5:$U$17-F15)),ABS($U$5:$U$17-F15),0))} -> 0.0017773785 | H15: =(F15-G15)/F15 -> -0.00042083275 | I15: =MATCH(G15,$U$5:$U$20,0) -> 13 | K15: PCF_08 | L15: 38 | M15: 0.3 | N15: 1.1646266 | O15: 0.0018016352 | P15: {=INDEX($U$5:$U$17,MATCH(MIN(ABS($U$5:$U$17-O15)),ABS($U$5:$U$17-O15),0))} -> 0.0017969101 | Q15: =(O15-P15)/O15 -> 0.0026226816 | R15: =MATCH(P15,$U$5:$U$20,0) -> 12 | T15: 0.0019336315 | U15: 0.0018945683 | V15: 0.0017187836 | W15: 0.0015820621 | X15: 0.0014453407 | Y15: 0.0013476826 | Z15: 0.001113303 | AA15: 11
B16: PCF_10 | C16: 58 | D16: 0.3 | E16: 1.1318256 | F16: 0.0016617587 | G16: {=INDEX($V$5:$V$17,MATCH(MIN(ABS($V$5:$V$17-F16)),ABS($V$5:$V$17-F16),0))} -> 0.0016601887 | H16: =(F16-G16)/F16 -> 0.00094479688 | I16: =MATCH(G16,$V$5:$V$20,0) -> 2 | K16: PCF_10 | L16: 58 | M16: 0.3 | N16: 1.1318256 | O16: 0.0016752707 | P16: {=INDEX($V$5:$V$17,MATCH(MIN(ABS($V$5:$V$17-O16)),ABS($V$5:$V$17-O16),0))} -> 0.0016797203 | Q16: =(O16-P16)/O16 -> -0.0026560259 | R16: =MATCH(P16,$V$5:$V$20,0) -> 4 | T16: 0.0019336315 | U16: 0.0017969101 | V16: 0.0016211254 | W16: 0.0015429989 | X16: 0.0014258091 | Y16: 0.0013281509 | Z16: 0.001113303 | AA16: 12
B17: PCF_12 | C17: 81 | D17: 0.3 | E17: 1.1046395 | F17: 0.0015749237 | G17: {=INDEX($W$5:$W$17,MATCH(MIN(ABS($W$5:$W$17-F17)),ABS($W$5:$W$17-F17),0))} -> 0.0015820621 | H17: =(F17-G17)/F17 -> -0.0045325686 | I17: =MATCH(G17,$W$5:$W$20,0) -> 1 | K17: PCF_12 | L17: 81 | M17: 0.3 | N17: 1.1046395 | O17: 0.0015804964 | P17: {=INDEX($W$5:$W$17,MATCH(MIN(ABS($W$5:$W$17-O17)),ABS($W$5:$W$17-O17),0))} -> 0.0015820621 | Q17: =(O17-P17)/O17 -> -0.00099067861 | R17: =MATCH(P17,$W$5:$W$20,0) -> 1 | T17: 0.0019336315 | U17: 0.0017773785 | V17: 0.0016211254 | W17: 0.0015625305 | X17: 0.0014258091 | Y17: 0.0013476826 | Z17: 0.0010937714 | AA17: 13
B18: PCF_15 | C18: 123 | D18: 0.3 | E18: 1.0756879 | F18: 0.001467873 | G18: {=INDEX($X$5:$X$17,MATCH(MIN(ABS($X$5:$X$17-F18)),ABS($X$5:$X$17-F18),0))} -> 0.0014648724 | H18: =(F18-G18)/F18 -> 0.002044209 | I18: =MATCH(G18,$X$5:$X$20,0) -> 6 | K18: PCF_15 | L18: 123 | M18: 0.3 | N18: 1.0756879 | O18: 0.0014649293 | P18: {=INDEX($X$5:$X$17,MATCH(MIN(ABS($X$5:$X$17-O18)),ABS($X$5:$X$17-O18),0))} -> 0.0014648724 | Q18: =(O18-P18)/O18 -> 3.8856662e-05 | R18: =MATCH(P18,$X$5:$X$20,0) -> 6 | U18: 0.0017578468 | V18: 0.001640657
B19: PCF_20 | C19: 210 | D19: 0.3 | E19: 1.0529023 | F19: 0.0013356077 | G19: {=INDEX($Y$5:$Y$17,MATCH(MIN(ABS($Y$5:$Y$17-F19)),ABS($Y$5:$Y$17-F19),0))} -> 0.0013281509 | H19: =(F19-G19)/F19 -> 0.0055830462 | I19: =MATCH(G19,$Y$5:$Y$20,0) -> 8 | K19: PCF_20 | L19: 210 | M19: 0.3 | N19: 1.0529023 | O19: 0.0013235922 | P19: {=INDEX($Y$5:$Y$17,MATCH(MIN(ABS($Y$5:$Y$17-O19)),ABS($Y$5:$Y$17-O19),0))} -> 0.0013281509 | Q19: =(O19-P19)/O19 -> -0.0034442525 | R19: =MATCH(P19,$Y$5:$Y$20,0) -> 8 | U19: 0.0017383152 | V19: 0.0016211254
B20: PCF_30 | C20: 445 | D20: 0.3 | E20: 1.0373514 | F20: 0.0011663148 | G20: {=INDEX($Z$5:$Z$17,MATCH(MIN(ABS($Z$5:$Z$17-F20)),ABS($Z$5:$Z$17-F20),0))} -> 0.0011718979 | H20: =(F20-G20)/F20 -> -0.0047869483 | I20: =MATCH(G20,$Z$5:$Z$20,0) -> 4 | K20: PCF_30 | L20: 445 | M20: 0.3 | N20: 1.0373514 | O20: 0.0011450134 | P20: {=INDEX($Z$5:$Z$17,MATCH(MIN(ABS($Z$5:$Z$17-O20)),ABS($Z$5:$Z$17-O20),0))} -> 0.0011523663 | Q20: =(O20-P20)/O20 -> -0.0064216191 | R20: =MATCH(P20,$Z$5:$Z$20,0) -> 2 | U20: 0.0017383152
G21: Error Total: | H21: {=AVERAGE(ABS(H14:H20))} -> 0.0028887484 | P21: Error Total: | Q21: {=AVERAGE(ABS(Q14:Q20))} -> 0.0063170165 | T21: {=_xlfn.MODE.MULT(T5:T20)} -> 0.0019336315 | U21: {=_xlfn.MODE.MULT(U5:U20)} -> 0.0017578468 | V21: {=_xlfn.MODE.MULT(V5:V20)} -> 0.0017187836 | W21: {=_xlfn.MODE.MULT(W5:W20)} -> 0.0015820621 | X21: {=_xlfn.MODE.MULT(X5:X20)} -> 0.0014453407 | Y21: {=_xlfn.MODE.MULT(Y5:Y20)} -> 0.0013086193 | Z21: {=_xlfn.MODE.MULT(Z5:Z20)} -> 0.001113303
B22: PCF_05 | C22: 16 | D22: 0.1 | E22: 1.3634039 | F22: 0.0019439167 | G22: {=INDEX($T$5:$T$17,MATCH(MIN(ABS($T$5:$T$17-F22)),ABS($T$5:$T$17-F22),0))} -> 0.0019336315 | H22: =(F22-G22)/F22 -> 0.0052909591 | I22: =MATCH(G22,$T$5:$T$20,0) -> 1 | K22: PCF_05 | L22: 16 | M22: 0.1 | N22: 1.3634039 | O22: 0.002009173 | P22: {=INDEX($T$5:$T$17,MATCH(MIN(ABS($T$5:$T$17-O22)),ABS($T$5:$T$17-O22),0))} -> 0.0019726948 | Q22: =(O22-P22)/O22 -> 0.018155856 | R22: =MATCH(P22,$T$5:$T$20,0) -> 2 | V22: 0.0016211254
B23: PCF_08 | C23: 38 | D23: 0.1 | E23: 1.2265116 | F23: 0.0017733448 | G23: {=INDEX($U$5:$U$17,MATCH(MIN(ABS($U$5:$U$17-F23)),ABS($U$5:$U$17-F23),0))} -> 0.0017773785 | H23: =(F23-G23)/F23 -> -0.0022746081 | I23: =MATCH(G23,$U$5:$U$20,0) -> 13 | K23: PCF_08 | L23: 38 | M23: 0.1 | N23: 1.2265116 | O23: 0.0017978412 | P23: {=INDEX($U$5:$U$17,MATCH(MIN(ABS($U$5:$U$17-O23)),ABS($U$5:$U$17-O23),0))} -> 0.0017969101 | Q23: =(O23-P23)/O23 -> 0.00051789459 | R23: =MATCH(P23,$U$5:$U$20,0) -> 12 | V23: 0.0016211254
B24: PCF_10 | C24: 58 | D24: 0.1 | E24: 1.1851582 | F24: 0.0016626493 | G24: {=INDEX($V$5:$V$17,MATCH(MIN(ABS($V$5:$V$17-F24)),ABS($V$5:$V$17-F24),0))} -> 0.0016601887 | H24: =(F24-G24)/F24 -> 0.0014799419 | I24: =MATCH(G24,$V$5:$V$20,0) -> 2 | K24: PCF_10 | L24: 58 | M24: 0.1 | N24: 1.1851582 | O24: 0.0016773997 | P24: {=INDEX($V$5:$V$17,MATCH(MIN(ABS($V$5:$V$17-O24)),ABS($V$5:$V$17-O24),0))} -> 0.0016797203 | Q24: =(O24-P24)/O24 -> -0.0013834813 | R24: =MATCH(P24,$V$5:$V$20,0) -> 4 | T24: =MAX(T5:T20) -> 0.0019726948 | U24: =MAX(U5:U20) -> 0.0018945683 | V24: =MAX(V5:V20) -> 0.0017773785 | W24: =MAX(W5:W20) -> 0.0016015938 | X24: =MAX(X5:X20) -> 0.0014648724 | Y24: =MAX(Y5:Y20) -> 0.0014062775 | Z24: =MAX(Z5:Z20) -> 0.0011718979
B25: PCF_12 | C25: 81 | D25: 0.1 | E25: 1.1482195 | F25: 0.0015804563 | G25: {=INDEX($W$5:$W$17,MATCH(MIN(ABS($W$5:$W$17-F25)),ABS($W$5:$W$17-F25),0))} -> 0.0015820621 | H25: =(F25-G25)/F25 -> -0.0010160671 | I25: =MATCH(G25,$W$5:$W$20,0) -> 1 | K25: PCF_12 | L25: 81 | M25: 0.1 | N25: 1.1482195 | O25: 0.0015880566 | P25: {=INDEX($W$5:$W$17,MATCH(MIN(ABS($W$5:$W$17-O25)),ABS($W$5:$W$17-O25),0))} -> 0.0015820621 | Q25: =(O25-P25)/O25 -> 0.0037747107 | R25: =MATCH(P25,$W$5:$W$20,0) -> 1
B26: PCF_15 | C26: 123 | D26: 0.1 | E26: 1.1115446 | F26: 0.001477805 | G26: {=INDEX($X$5:$X$17,MATCH(MIN(ABS($X$5:$X$17-F26)),ABS($X$5:$X$17-F26),0))} -> 0.0014648724 | H26: =(F26-G26)/F26 -> 0.0087512488 | I26: =MATCH(G26,$X$5:$X$20,0) -> 6 | K26: PCF_15 | L26: 123 | M26: 0.1 | N26: 1.1115446 | O26: 0.0014757254 | P26: {=INDEX($X$5:$X$17,MATCH(MIN(ABS($X$5:$X$17-O26)),ABS($X$5:$X$17-O26),0))} -> 0.0014648724 | Q26: =(O26-P26)/O26 -> 0.0073543917 | R26: =MATCH(P26,$X$5:$X$20,0) -> 6
B27: PCF_20 | C27: 210 | D27: 0.1 | E27: 1.0898877 | F27: 0.0013440195 | G27: {=INDEX($Y$5:$Y$17,MATCH(MIN(ABS($Y$5:$Y$17-F27)),ABS($Y$5:$Y$17-F27),0))} -> 0.0013476826 | H27: =(F27-G27)/F27 -> -0.0027254604 | I27: =MATCH(G27,$Y$5:$Y$20,0) -> 9 | K27: PCF_20 | L27: 210 | M27: 0.1 | N27: 1.0898877 | O27: 0.0013332936 | P27: {=INDEX($Y$5:$Y$17,MATCH(MIN(ABS($Y$5:$Y$17-O27)),ABS($Y$5:$Y$17-O27),0))} -> 0.0013281509 | Q27: =(O27-P27)/O27 -> 0.0038570931 | R27: =MATCH(P27,$Y$5:$Y$20,0) -> 8
B28: PCF_30 | C28: 445 | D28: 0.1 | E28: 1.0745864 | F28: 0.0011754323 | G28: {=INDEX($Z$5:$Z$17,MATCH(MIN(ABS($Z$5:$Z$17-F28)),ABS($Z$5:$Z$17-F28),0))} -> 0.0011718979 | H28: =(F28-G28)/F28 -> 0.0030069034 | I28: =MATCH(G28,$Z$5:$Z$20,0) -> 4 | K28: PCF_30 | L28: 445 | M28: 0.1 | N28: 1.0745864 | O28: 0.0011553151 | P28: {=INDEX($Z$5:$Z$17,MATCH(MIN(ABS($Z$5:$Z$17-O28)),ABS($Z$5:$Z$17-O28),0))} -> 0.0011523663 | Q28: =(O28-P28)/O28 -> 0.0025524097 | R28: =MATCH(P28,$Z$5:$Z$20,0) -> 1
G29: Error Total: | H29: {=AVERAGE(ABS(H22:H28))} -> 0.0035064555 | P29: Error Total: | Q29: {=AVERAGE(ABS(Q22:Q28))} -> 0.0053708339
G33: Error Real: | H33: =(H28+H18+H16-H14-H15-H25-H27)/7 -> 0.0017238724

Sheet SSW_CalibrationCurve
B2: Archivo: SSW_GroupSimulationModel.m | G2: V0 | H2: 0.26
X3: Orignal Datos Curva Calibración de Matlab -> V0=0.26
B4: Datos Curva Calibración de Matlab -> V0=0.26 | X4: Mpa | Y4: 10 | Z4: 100 | AA4: 300 | AB4: 500 | AC4: 700 | AD4: 1000
B5: Mpa | C5: 10 | D5: 100 | E5: 300 | F5: 500 | G5: 700 | H5: 1000 | X5: 0.1 | Y5: 0.0021252824 | Z5: 0.0015349548 | AA5: 0.0012459906 | AB5: 0.001130308 | AC5: 0.0010624429 | AD5: 0.00099781694
B6: LOG | C6: =LOG10(C5) -> 1 | D6: =LOG10(D5) -> 2 | E6: =LOG10(E5) -> 2.4771213 | F6: =LOG10(F5) -> 2.69897 | G6: =LOG10(G5) -> 2.845098 | H6: =LOG10(H5) -> 3
B7: 0.1 | C7: 0.0021867939 | D7: 0.0015349548 | E7: 0.0012459906 | F7: 0.001130308 | G7: 0.0010624429 | H7: 0.00099781694 | X7: 0.3 | Y7: 0.0021597189 | Z7: 0.0015245799 | AA7: 0.0012349916 | AB7: 0.0011210805 | AC7: 0.001054316 | AD7: 0.00098983599
B8: 0.3 | C8: 0.0021597189 | D8: 0.0015245799 | E8: 0.0012349916 | F8: 0.0011210805 | G8: 0.001054316 | H8: 0.00098983599 | X8: 0.5 | Y8: 0.0021497051 | Z8: 0.001483944 | AA8: 0.0011976648 | AB8: 0.0010891446 | AC8: 0.0010265564 | AD8: 0.00096648717
B9: 0.5 | C9: 0.0021497051 | D9: 0.001483944 | E9: 0.0011976648 | F9: 0.0010891446 | G9: 0.0010265564 | H9: 0.00096648717
B11: Mod. Poisson | D11: 0.31 | E11: TOF | G11: =D22 -> 0.0018945683
B13: Interpolación para Poisson Dado
B14: =D11 -> 0.31 | C14: =_xlfn.FORECAST.LINEAR($D$11,C8:C9,$B$8:$B$9) -> 0.0021592182 | D14: =_xlfn.FORECAST.LINEAR($D$11,D8:D9,$B$8:$B$9) -> 0.0015225481 | E14: =_xlfn.FORECAST.LINEAR($D$11,E8:E9,$B$8:$B$9) -> 0.0012331252 | F14: =_xlfn.FORECAST.LINEAR($D$11,F8:F9,$B$8:$B$9) -> 0.0011194837 | G14: =_xlfn.FORECAST.LINEAR($D$11,G8:G9,$B$8:$B$9) -> 0.001052928 | H14: =_xlfn.FORECAST.LINEAR($D$11,H8:H9,$B$8:$B$9) -> 0.00098866855
B16: Interpolación para Módulo de Elasticidad
B17: Mod. Elasticidad | D17: =10^(_xlfn.FORECAST.LINEAR(G11,C6:D6,C14:D14)) -> 26.042239 | E17: Mpa
B20: PCF | C20: Mod E | D20: TOF | E20: Mod E Num
B21: PCF05 | C21: 16 | D21: =SawBown_Calibration!T14 -> 0.0019726948 | E21: 19.632119
B22: PCF08 | C22: 38 | D22: =SawBown_Calibration!U15 -> 0.0018945683 | E22: 46.932264
B23: PCF10 | C23: 58 | D23: =SawBown_Calibration!V10 -> 0.0017773785 | E23: 63.379609
B24: PCF12 | C24: 81 | D24: =SawBown_Calibration!W5 -> 0.0015820621 | E24: 90.529304
B25: PCF15 | C25: 123 | D25: =SawBown_Calibration!X10 -> 0.0014648724 | E25: 135.70482
B26: PCF20 | C26: 210 | D26: =SawBown_Calibration!Y13 -> 0.0013476826 | E26: 220.83739
B27: PCF30 | C27: 415 | D27: =SawBown_Calibration!Z8 -> 0.0011718979 | E27: 410.77706
D29: TOF | E29: Poisson | F29: Mod E
C30: =Ceramica_TOFvsOndaP!B35 -> M1 - Mod | D30: =Ceramica_TOFvsOndaP!AM35 -> 0.0013520135 | E30: =Ceramica_TOFvsOndaP!O35 -> 0.2 | F30: 222.89555
C31: =Ceramica_TOFvsOndaP!B36 -> M1 - Mod | D31: =Ceramica_TOFvsOndaP!AM36 -> 0.0013180132 | E31: =Ceramica_TOFvsOndaP!O36 -> 0.34 | F31: 221.83875
C32: =Ceramica_TOFvsOndaP!B37 -> M2 - Mod | D32: =Ceramica_TOFvsOndaP!AM37 -> 0.0012780128 | E32: =Ceramica_TOFvsOndaP!O37 -> 0.12 | F32: 277.08026
C33: =Ceramica_TOFvsOndaP!B38 -> M3 - Mod | D33: =Ceramica_TOFvsOndaP!AM38 -> 0.0012380124 | E33: =Ceramica_TOFvsOndaP!O38 -> 0.1 | F33: 305.52195
C34: =Ceramica_TOFvsOndaP!B39 -> M1 - Est | D34: =Ceramica_TOFvsOndaP!AM39 -> 0.001896019 | E34: =Ceramica_TOFvsOndaP!O39 -> 0.11 | F34: 50.011897
C35: =Ceramica_TOFvsOndaP!B40 -> M2 - Est | D35: =Ceramica_TOFvsOndaP!AM40 -> 0.0018360184 | E35: =Ceramica_TOFvsOndaP!O40 -> 0.13 | F35: 58.055829
C36: =Ceramica_TOFvsOndaP!B41 -> M3 - Est | D36: =Ceramica_TOFvsOndaP!AM41 -> 0.0014240142 | E36: =Ceramica_TOFvsOndaP!O41 -> 0.16 | F36: 174.58244
C37: =Ceramica_TOFvsOndaP!B42 -> M4 - Est | D37: =Ceramica_TOFvsOndaP!AM42 -> 0.0016520165 | E37: =Ceramica_TOFvsOndaP!O42 -> 0.22 | F37: 82.71195
C38: =Ceramica_TOFvsOndaP!B49 -> M4 - Mod | D38: =Ceramica_TOFvsOndaP!AM49 -> 0.0013240132 | E38: =Ceramica_TOFvsOndaP!O49 -> 0.46 | F38: 217.13761
C39: =Ceramica_TOFvsOndaP!B50 -> M5 - Mod | D39: =Ceramica_TOFvsOndaP!AM50 -> 0.0014840148 | E39: =Ceramica_TOFvsOndaP!O50 -> 0.47 | F39: 104.20158
C40: =Ceramica_TOFvsOndaP!B51 -> M6 - Mod | D40: =Ceramica_TOFvsOndaP!AM51 -> 0.0015760158 | E40: =Ceramica_TOFvsOndaP!O51 -> 0.46 | F40: 88.546708
C41: =Ceramica_TOFvsOndaP!B52 -> M5 - Est | D41: =Ceramica_TOFvsOndaP!AM52 -> 0.0016860169 | E41: =Ceramica_TOFvsOndaP!O52 -> 0.4 | F41: 74.851348
C42: =Ceramica_TOFvsOndaP!B53 -> M6 - Est | D42: =Ceramica_TOFvsOndaP!AM53 -> 0.0019700197 | E42: =Ceramica_TOFvsOndaP!O53 -> 0.46 | F42: 34.789304
C43: =Ceramica_TOFvsOndaP!B54 -> M2 - Mod | D43: =Ceramica_TOFvsOndaP!AM54 -> 0.0014060141 | E43: =Ceramica_TOFvsOndaP!O54 -> 0.32 | F43: 179.16978
C44: =Ceramica_TOFvsOndaP!B55 -> M3 - Mod | D44: =Ceramica_TOFvsOndaP!AM55 -> 0.0015160152 | E44: =Ceramica_TOFvsOndaP!O55 -> 0.44 | F44: 97.274894
C45: =Ceramica_TOFvsOndaP!B56 -> M4 - Mod | D45: =Ceramica_TOFvsOndaP!AM56 -> 0.0014550146 | E45: =Ceramica_TOFvsOndaP!O56 -> 0.4 | F45: 134.20744

Sheet TOF vs density (LC)
B3: Muestra | C3: Densidad dry | D3: TOF Prom
C4: x | D4: y
B5: =[2]Mediciones!B35 -> M1 - Mod | C5: =[2]Mediciones!J35 -> 1.6584292 | D5: =[2]Mediciones!AK35 -> 0.0013520135
B6: =[2]Mediciones!B36 -> M1 - Mod | C6: =[2]Mediciones!J36 -> 1.7637281 | D6: =[2]Mediciones!AK36 -> 0.0013460135
B7: =[2]Mediciones!B37 -> M2 - Mod | C7: =[2]Mediciones!J37 -> 1.6822689 | D7: =[2]Mediciones!AK37 -> 0.0012780128
B8: =[2]Mediciones!B38 -> M3 - Mod | C8: =[2]Mediciones!J38 -> 1.6483734 | D8: =[2]Mediciones!AK38 -> 0.0012380124
B9: =[2]Mediciones!B39 -> M1 - Est | C9: =[2]Mediciones!J39 -> 1.4806779 | D9: =[2]Mediciones!AK39 -> 0.001896019
B10: =[2]Mediciones!B40 -> M2 - Est | C10: =[2]Mediciones!J40 -> 1.490469 | D10: =[2]Mediciones!AK40 -> 0.0018360184
B11: =[2]Mediciones!B41 -> M3 - Est | C11: =[2]Mediciones!J41 -> 1.5294345 | D11: =[2]Mediciones!AK41 -> 0.0014240142
B12: =[2]Mediciones!B42 -> M4 - Est | C12: =[2]Mediciones!J42 -> 1.5475075 | D12: =[2]Mediciones!AK42 -> 0.0016520165
B13: =[2]Mediciones!B49 -> M4 - Mod | C13: =[2]Mediciones!J49 -> 1.7772422 | D13: =[2]Mediciones!AK49 -> 0.0013240132 | K13: ecuacion de intervalo de confianza
B14: =[2]Mediciones!B50 -> M5 - Mod | C14: =[2]Mediciones!J50 -> 1.6951263 | D14: =[2]Mediciones!AK50 -> 0.0014840148 | K14: Poner lineas de confiabilidad
B15: =[2]Mediciones!B51 -> M6 - Mod | C15: =[2]Mediciones!J51 -> 1.6321785 | D15: =[2]Mediciones!AK51 -> 0.0015760158 | K15: 0.8
B16: =[2]Mediciones!B52 -> M5 - Est | C16: =[2]Mediciones!J52 -> 1.6090049 | D16: =[2]Mediciones!AK52 -> 0.0016860169
B17: =[2]Mediciones!B53 -> M6 - Est | C17: =[2]Mediciones!J53 -> 1.6060303 | D17: =[2]Mediciones!AK53 -> 0.0019700197
B18: =[2]Mediciones!B54 -> M2 - Mod | C18: =[2]Mediciones!J54 -> 1.686719 | D18: =[2]Mediciones!AK54 -> 0.0014060141
B19: =[2]Mediciones!B55 -> M3 - Mod | C19: =[2]Mediciones!J55 -> 1.6784849 | D19: =[2]Mediciones!AK55 -> 0.0015160152
B20: =[2]Mediciones!B56 -> M4 - Mod | C20: =[2]Mediciones!J56 -> 1.6019546 | D20: =[2]Mediciones!AK56 -> 0.0014550146
B22: Intervalo de confianza
B24: Dry density (X) | C24: TOF real | D24: TOF pron (Y pron) | E24: residuo
B25: =[2]Mediciones!J35 -> 1.6584292 | C25: =[2]Mediciones!AK35 -> 0.0013520135 | D25: =-0.0017*(B25) + 0.0044 -> 0.0015806704 | E25: =C25-D25 -> -0.0002286569
B26: =[2]Mediciones!J36 -> 1.7637281 | C26: =[2]Mediciones!AK36 -> 0.0013460135 | D26: =-0.0017*(B26) + 0.0044 -> 0.0014016622 | E26: =C26-D26 -> -5.5648711e-05
B27: =[2]Mediciones!J37 -> 1.6822689 | C27: =[2]Mediciones!AK37 -> 0.0012780128 | D27: =-0.0017*(B27) + 0.0044 -> 0.0015401429 | E27: =C27-D27 -> -0.00026213007
B28: =[2]Mediciones!J38 -> 1.6483734 | C28: =[2]Mediciones!AK38 -> 0.0012380124 | D28: =-0.0017*(B28) + 0.0044 -> 0.0015977652 | E28: =C28-D28 -> -0.00035975285
B29: =[2]Mediciones!J39 -> 1.4806779 | C29: =[2]Mediciones!AK39 -> 0.001896019 | D29: =-0.0017*(B29) + 0.0044 -> 0.0018828475 | E29: =C29-D29 -> 1.3171416e-05
B30: =[2]Mediciones!J40 -> 1.490469 | C30: =[2]Mediciones!AK40 -> 0.0018360184 | D30: =-0.0017*(B30) + 0.0044 -> 0.0018662028 | E30: =C30-D30 -> -3.0184408e-05
B31: =[2]Mediciones!J41 -> 1.5294345 | C31: =[2]Mediciones!AK41 -> 0.0014240142 | D31: =-0.0017*(B31) + 0.0044 -> 0.0017999614 | E31: =C31-D31 -> -0.00037594719
B32: =[2]Mediciones!J42 -> 1.5475075 | C32: =[2]Mediciones!AK42 -> 0.0016520165 | D32: =-0.0017*(B32) + 0.0044 -> 0.0017692373 | E32: =C32-D32 -> -0.00011722081
B33: =[2]Mediciones!J49 -> 1.7772422 | C33: =[2]Mediciones!AK49 -> 0.0013240132 | D33: =-0.0017*(B33) + 0.0044 -> 0.0013786883 | E33: =C33-D33 -> -5.4675021e-05
B34: =[2]Mediciones!J50 -> 1.6951263 | C34: =[2]Mediciones!AK50 -> 0.0014840148 | D34: =-0.0017*(B34) + 0.0044 -> 0.0015182852 | E34: =C34-D34 -> -3.427039e-05
B35: =[2]Mediciones!J51 -> 1.6321785 | C35: =[2]Mediciones!AK51 -> 0.0015760158 | D35: =-0.0017*(B35) + 0.0044 -> 0.0016252966 | E35: =C35-D35 -> -4.9280861e-05
B36: =[2]Mediciones!J52 -> 1.6090049 | C36: =[2]Mediciones!AK52 -> 0.0016860169 | D36: =-0.0017*(B36) + 0.0044 -> 0.0016646917 | E36: =C36-D36 -> 2.1325138e-05
B37: =[2]Mediciones!J53 -> 1.6060303 | C37: =[2]Mediciones!AK53 -> 0.0019700197 | D37: =-0.0017*(B37) + 0.0044 -> 0.0016697486 | E37: =C37-D37 -> 0.00030027113
B38: =[2]Mediciones!J54 -> 1.686719 | C38: =[2]Mediciones!AK54 -> 0.0014060141 | D38: =-0.0017*(B38) + 0.0044 -> 0.0015325776 | E38: =C38-D38 -> -0.00012656358
B39: =[2]Mediciones!J55 -> 1.6784849 | C39: =[2]Mediciones!AK55 -> 0.0015160152 | D39: =-0.0017*(B39) + 0.0044 -> 0.0015465757 | E39: =C39-D39 -> -3.056053e-05
B40: =[2]Mediciones!J56 -> 1.6019546 | C40: =[2]Mediciones!AK56 -> 0.0014550146 | D40: =-0.0017*(B40) + 0.0044 -> 0.0016766772 | E40: =C40-D40 -> -0.00022166262
B42: desvest (residuos) | D42: =_xlfn.STDEV.S(E25:E40) -> 0.00016545034
B43: Int confianza | D43: 0.95
B44: t α/2 | D44: =TINV((1-D43),16-1) -> 2.1314495
B45: X barra | D45: =AVERAGE(B25:B40) -> 1.6304768
B46: n-1 | D46: =COUNT(B25:B40)-1 -> 15
B48: Dry density (X) | C48: TOF pron (Y pron) * Excel | D48: TOF pron (Y pron) *Matlab | E48: (x-xbarra)^2 | F48: Y conf sup | G48: Y conf inf
B49: 1.4806779 | C49: =-0.0017*(B49) + 0.0044 -> 0.0018828475 | D49: =-0.0017179*(B49) + 0.0043297 -> 0.0017860434 | E49: =(B49-$D$45)^2 -> 0.02243971 | F49: =D49+($D$44*$D$42*(SQRT((1/$D$46)+((E49/($E$65)))))) -> 0.0019672239 | G49: =D49-($D$44*$D$42*(SQRT((1/$D$46)+((E49/($E$65)))))) -> 0.0016048629
B50: 1.490469 | C50: =-0.0017*(B50) + 0.0044 -> 0.0018662028 | D50: =-0.0017179*(B50) + 0.0043297 -> 0.0017692234 | E50: =(B50-$D$45)^2 -> 0.019602199 | F50: =D50+($D$44*$D$42*(SQRT((1/$D$46)+((E50/($E$65)))))) -> 0.0019416294 | G50: =D50-($D$44*$D$42*(SQRT((1/$D$46)+((E50/($E$65)))))) -> 0.0015968174
B51: 1.5294345 | C51: =-0.0017*(B51) + 0.0044 -> 0.0017999614 | D51: =-0.0017179*(B51) + 0.0043297 -> 0.0017022846 | E51: =(B51-$D$45)^2 -> 0.010209559 | F51: =D51+($D$44*$D$42*(SQRT((1/$D$46)+((E51/($E$65)))))) -> 0.0018417618 | G51: =D51-($D$44*$D$42*(SQRT((1/$D$46)+((E51/($E$65)))))) -> 0.0015628073
B52: 1.5475075 | C52: =-0.0017*(B52) + 0.0044 -> 0.0017692373 | D52: =-0.0017179*(B52) + 0.0043297 -> 0.0016712369 | E52: =(B52-$D$45)^2 -> 0.0068839149 | F52: =D52+($D$44*$D$42*(SQRT((1/$D$46)+((E52/($E$65)))))) -> 0.0017970052 | G52: =D52-($D$44*$D$42*(SQRT((1/$D$46)+((E52/($E$65)))))) -> 0.0015454687
B53: 1.6019546 | C53: =-0.0017*(B53) + 0.0044 -> 0.0016766772 | D53: =-0.0017179*(B53) + 0.0043297 -> 0.0015777022 | E53: =(B53-$D$45)^2 -> 0.00081351624 | F53: =D53+($D$44*$D$42*(SQRT((1/$D$46)+((E53/($E$65)))))) -> 0.0016735158 | G53: =D53-($D$44*$D$42*(SQRT((1/$D$46)+((E53/($E$65)))))) -> 0.0014818885
B54: 1.6060303 | C54: =-0.0017*(B54) + 0.0044 -> 0.0016697486 | D54: =-0.0017179*(B54) + 0.0043297 -> 0.0015707006 | E54: =(B54-$D$45)^2 -> 0.00059763426 | F54: =D54+($D$44*$D$42*(SQRT((1/$D$46)+((E54/($E$65)))))) -> 0.0016652745 | G54: =D54-($D$44*$D$42*(SQRT((1/$D$46)+((E54/($E$65)))))) -> 0.0014761268
B55: 1.6090049 | C55: =-0.0017*(B55) + 0.0044 -> 0.0016646917 | D55: =-0.0017179*(B55) + 0.0043297 -> 0.0015655905 | E55: =(B55-$D$45)^2 -> 0.00046104445 | F55: =D55+($D$44*$D$42*(SQRT((1/$D$46)+((E55/($E$65)))))) -> 0.0016593715 | G55: =D55-($D$44*$D$42*(SQRT((1/$D$46)+((E55/($E$65)))))) -> 0.0014718096
B56: 1.6321785 | C56: =-0.0017*(B56) + 0.0044 -> 0.0016252966 | D56: =-0.0017179*(B56) + 0.0043297 -> 0.0015257806 | E56: =(B56-$D$45)^2 -> 2.8955914e-06 | F56: =D56+($D$44*$D$42*(SQRT((1/$D$46)+((E56/($E$65)))))) -> 0.0016168516 | G56: =D56-($D$44*$D$42*(SQRT((1/$D$46)+((E56/($E$65)))))) -> 0.0014347096
B57: 1.6483734 | C57: =-0.0017*(B57) + 0.0044 -> 0.0015977652 | D57: =-0.0017179*(B57) + 0.0043297 -> 0.0014979593 | E57: =(B57-$D$45)^2 -> 0.00032028763 | F57: =D57+($D$44*$D$42*(SQRT((1/$D$46)+((E57/($E$65)))))) -> 0.0015909161 | G57: =D57-($D$44*$D$42*(SQRT((1/$D$46)+((E57/($E$65)))))) -> 0.0014050026
B58: 1.6584292 | C58: =-0.0017*(B58) + 0.0044 -> 0.0015806704 | D58: =-0.0017179*(B58) + 0.0043297 -> 0.0014806845 | E58: =(B58-$D$45)^2 -> 0.00078133373 | F58: =D58+($D$44*$D$42*(SQRT((1/$D$46)+((E58/($E$65)))))) -> 0.0015763144 | G58: =D58-($D$44*$D$42*(SQRT((1/$D$46)+((E58/($E$65)))))) -> 0.0013850547
B59: 1.6784849 | C59: =-0.0017*(B59) + 0.0044 -> 0.0015465757 | D59: =-0.0017179*(B59) + 0.0043297 -> 0.0014462308 | E59: =(B59-$D$45)^2 -> 0.0023047751 | F59: =D59+($D$44*$D$42*(SQRT((1/$D$46)+((E59/($E$65)))))) -> 0.0015502058 | G59: =D59-($D$44*$D$42*(SQRT((1/$D$46)+((E59/($E$65)))))) -> 0.0013422558
B60: 1.6822689 | C60: =-0.0017*(B60) + 0.0044 -> 0.0015401429 | D60: =-0.0017179*(B60) + 0.0043297 -> 0.0014397302 | E60: =(B60-$D$45)^2 -> 0.0026824211 | F60: =D60+($D$44*$D$42*(SQRT((1/$D$46)+((E60/($E$65)))))) -> 0.0015456723 | G60: =D60-($D$44*$D$42*(SQRT((1/$D$46)+((E60/($E$65)))))) -> 0.0013337882
... B64: 1.7772422 | C64: =-0.0017*(B64) + 0.0044 -> 0.0013786883 | D64: =-0.0017179*(B64) + 0.0043297 -> 0.0012765756 | E64: =(B64-$D$45)^2 -> 0.021540078 | F64: =D64+($D$44*$D$42*(SQRT((1/$D$46)+((E64/($E$65)))))) -> 0.0014550209 | G64: =D64-($D$44*$D$42*(SQRT((1/$D$46)+((E64/($E$65)))))) -> 0.0010981304
E65: =SUM(E49:E64) -> 0.11373803
N67: TOF | O67: Dry Density
E68: Density opt 95 | G68: TOF | M68: M#1_22G | N68: 0.0016211 | O68: 1.7192064
F69: 1.6133723 | G69: 0.001478 | M69: M#1_25EST | N69: 0.0017334 | O69: 1.5841554
F70: Equation | G70: =-0.0017*F69+0.0044 -> 0.0016572672 | M70: M#2_18G | N70: 0.0015821 | O70: 1.6813938
M71: M#2_29G | N71: 0.0014258 | O71: 1.6983126
M72: M#1_29G | N72: 0.0016162 | O72: 1.7387618
M73: M#2_25EST | N73: 0.0019434 | O73: 1.6244084
M74: M#4_18G | N74: 0.0019688 | O74: 1.6557085
M75: M#4_29G | N75: 0.0026221 | O75: 1.7158207
M76: M#5_22G | N76: 0.0015938 | O76: 1.6803509
M77: M#5_18G | N77: 0.0016094 | O77: 1.7011514
M78: M#5_25EST | N78: 0.0023282 | O78: 1.5931595
H79: Todo en vertical. Popner las desviaciones estandar verticales. | M79: M#6_22G | N79: 0.001919 | O79: 1.7352276
H80: Ahora contra la media | M80: M#7_22G | N80: 0.002334 | O80: 1.6758955
H81: No comparar dos intervalos | M81: M#7_32G | N81: 0.001709 | O81: 1.705817
M82: M#4_25EST | N82: 0.0016993 | O82: 1.5551021
M83: M#3_29G | N83: 0.0014844 | O83: 1.7236637

Sheet ProctorsCuadrilla
B2: Num. Molde | C2: Golpes | D2: Masa Cilindro | E2: Volumen | F2: Cilindro + Suelo | G2: mTarro | H2: mTarro + humedo | I2: mTarro + seco | J2: humedad | K2: Volumen | L2: M. Humeda | M2: Densidad H. | N2: Densidad Seca | P2: Num. Molde | Q2: Masa | R2: Diametro | S2: Altura | T2: Volumen | V2: M#1_22G | W2: M#5_22G | X2: M#6_22G | Y2: M#7_22G | Z2: M#1_29G | AA2: M#2_29G | AB2: M#3_29G | AC2: M#4_29G | AD2: M#2_18G | AE2: M#4_18G | AF2: M#5_18G | AG2: M#7_32G | AH2: M#1_25EST | AI2: M#2_25EST | AJ2: M#4_25EST | AK2: M#5_25EST | AN2: Superficie
F3: (g) | G3: (g) | H3: (g) | I3: (g) | K3: cm3 | L3: gr | M3: gr/cm3 | P3: #1 | Q3: 3576.8 | R3: 101.16 | S3: 116.52 | T3: =(((R3/10)^2)*PI()/4)*(S3/10) -> 936.50047 | V3: 0.0016797 | W3: 0.0016407 | X3: 0.0014649 | Y3: 0.0024024 | Z3: 0.0016407 | AA3: 0.0013672 | AB3: 0.0016211 | AC3: 0.0027735 | AD3: 0.0016016 | AE3: 0.0019727 | AF3: 0.0015039 | AG3: 0.0017383 | AH3: 0.0018164 | AI3: 0.0021094 | AJ3: 0.0017969 | AK3: 0.0025391 | AN3: 0.0016211
A4: 1 | B4: #1 | C4: 29 | F4: 5451.4 | G4: 17.56 | H4: 62.17 | I4: 56.31 | J4: =(H4-I4)/(I4-G4) -> 0.15122581 | K4: =LOOKUP(B4,$P$3:$P$9,$T$3:$T$9) -> 936.50047 | L4: =F4-LOOKUP(B4,$P$3:$P$9,$Q$3:$Q$9) -> 1874.6 | M4: =L4/K4 -> 2.0017075 | N4: =M4/(1+J4) -> 1.7387618 | O4: 1.7387618 | P4: #2 | Q4: 3581.6 | R4: 101.4 | S4: 116.63 | T4: =(((R4/10)^2)*PI()/4)*(S4/10) -> 941.83769 | V4: 0.0016016 | W4: 0.0015625 | X4: 0.0021094 | Y4: 0.0024415 | Z4: 0.0016407 | AA4: 0.0014258 | AB4: 0.0014649 | AC4: 0.0025782 | AD4: 0.0014453 | AE4: 0.0019727 | AF4: 0.0016407 | AG4: 0.0017188 | AH4: 0.0017383 | AI4: 0.0018946 | AJ4: 0.0016993 | AK4: 0.0022657 | AN4: 0.0017334
A5: 2 | B5: #2 | C5: 29 | F5: 5363.5 | G5: 17.88 | H5: 55.01 | I5: 51.21 | J5: =(H5-I5)/(I5-G5) -> 0.1140114 | K5: =LOOKUP(B5,$P$3:$P$9,$T$3:$T$9) -> 941.83769 | L5: =F5-LOOKUP(B5,$P$3:$P$9,$Q$3:$Q$9) -> 1781.9 | M5: =L5/K5 -> 1.8919396 | N5: =M5/(1+J5) -> 1.6983126 | O5: 1.6983126 | P5: #3 | Q5: 3838.4 | T5: =AVERAGE(T3:T4,T7,T9) -> 942.35882 | V5: 0.0016407 | W5: 0.0016211 | X5: 0.0021289 | Y5: 0.0023633 | Z5: 0.0016211 | AA5: 0.0014844 | AB5: 0.0014063 | AC5: 0.0025977 | AD5: 0.0014453 | AE5: 0.0019727 | AF5: 0.0016602 | AG5: 0.0016993 | AH5: 0.0016993 | AI5: 0.001875 | AJ5: 0.0016407 | AK5: 0.0023243 | AN5: 0.0015821
A6: 3 | B6: #3 | C6: 29 | F6: 5672.4 | G6: 17.35 | H6: 52.16 | I6: 48.18 | J6: =(H6-I6)/(I6-G6) -> 0.12909504 | K6: =LOOKUP(B6,$P$3:$P$9,$T$3:$T$9) -> 942.35882 | L6: =F6-LOOKUP(B6,$P$3:$P$9,$Q$3:$Q$9) -> 1834 | M6: =L6/K6 -> 1.9461801 | N6: =M6/(1+J6) -> 1.7236637 | O6: 1.7236637 | P6: #4 | Q6: 3573 | R6: 101.5 | S6: 117.45 | T6: =(((R6/10)^2)*PI()/4)*(S6/10) -> 950.3312 | V6: 0.0015625 | W6: 0.0016407 | X6: 0.0019727 | Y6: 0.0021289 | Z6: 0.0015625 | AA6: 0.0014258 | AB6: 0.0014453 | AC6: 0.0025391 | AD6: 0.001836 | AE6: 0.0019532 | AF6: 0.0016211 | AG6: 0.0016797 | AH6: 0.0016797 | AI6: 0.0018946 | AJ6: 0.0016602 | AK6: 0.0024415 | AN6: 0.0014258
A7: 4 | B7: #4 | C7: 29 | F7: 5433.8 | G7: 17.08 | H7: 58.79 | I7: 53.63 | J7: =(H7-I7)/(I7-G7) -> 0.14117647 | K7: =LOOKUP(B7,$P$3:$P$9,$T$3:$T$9) -> 950.3312 | L7: =F7-LOOKUP(B7,$P$3:$P$9,$Q$3:$Q$9) -> 1860.8 | M7: =L7/K7 -> 1.9580542 | N7: =M7/(1+J7) -> 1.7158207 | O7: 1.7158207 | P7: #5 | Q7: 3577.8 | R7: 101.45 | S7: 116.58 | T7: =(((R7/10)^2)*PI()/4)*(S7/10) -> 942.36259 | W7: 0.0015039 | AE7: 0.0019727 | AF7: 0.0016211 | AK7: 0.0020704 | AN7: 0.0016162
A8: 5 | B8: #5 | C8: 22 | F8: 5337.8 | G8: 18.93 | H8: 68.19 | I8: 63.25 | J8: =(H8-I8)/(I8-G8) -> 0.11146209 | K8: =LOOKUP(B8,$P$3:$P$9,$T$3:$T$9) -> 942.36259 | L8: =F8-LOOKUP(B8,$P$3:$P$9,$Q$3:$Q$9) -> 1760 | M8: =L8/K8 -> 1.8676463 | N8: =M8/(1+J8) -> 1.6803509 | O8: 1.6803509 | P8: #6 | Q8: 2700 | T8: =T5 -> 942.35882 | U8: Promedio: | V8: =ROUND(AVERAGE(V3:V7),7) -> 0.0016211 | W8: =ROUND(AVERAGE(W3:W7),7) -> 0.0015938 | X8: =ROUND(AVERAGE(X3:X7),7) -> 0.001919 | Y8: =ROUND(AVERAGE(Y3:Y7),7) -> 0.002334 | Z8: =ROUND(AVERAGE(Z3:Z7),7) -> 0.0016163 | AA8: =ROUND(AVERAGE(AA3:AA7),7) -> 0.0014258 | AB8: =ROUND(AVERAGE(AB3:AB7),7) -> 0.0014844 | AC8: =ROUND(AVERAGE(AC3:AC7),7) -> 0.0026221 | ... AK8: =ROUND(AVERAGE(AK3:AK7),7) -> 0.0023282 | AN8: 0.0019434
A9: 6 | B9: #6 | C9: 22 | F9: 4561.4 | G9: 17.79 | H9: 55.48 | I9: 50.9 | J9: =(H9-I9)/(I9-G9) -> 0.13832679 | K9: =LOOKUP(B9,$P$3:$P$9,$T$3:$T$9) -> 942.35882 | L9: =F9-LOOKUP(B9,$P$3:$P$9,$Q$3:$Q$9) -> 1861.4 | M9: =L9/K9 -> 1.9752561 | N9: =M9/(1+J9) -> 1.7352276 | O9: 1.7352276 | P9: #7 | Q9: 3572.6 | R9: 101.35 | S9: 117.6 | T9: =(((R9/10)^2)*PI()/4)*(S9/10) -> 948.73453 | V9: =_xlfn.STDEV.S(V3:V7) -> 5.0439163e-05 | W9: =_xlfn.STDEV.S(W3:W7) -> 5.9594899e-05 | X9: =_xlfn.STDEV.S(X3:X7) -> 0.00031059119 | Y9: =_xlfn.STDEV.S(Y3:Y7) -> 0.0001404271 | Z9: =_xlfn.STDEV.S(Z3:Z7) -> 3.700536e-05 | AA9: =_xlfn.STDEV.S(AA3:AA7) -> 4.78467e-05 | AB9: =_xlfn.STDEV.S(AB3:AB7) -> 9.4331967e-05 | AC9: =_xlfn.STDEV.S(AC3:AC7) -> 0.00010381639 | ... AK9: =_xlfn.STDEV.S(AK3:AK7) -> 0.00017867428 | AN9: 0.0019688
A10: 7 | B10: #7 | C10: 22 | F10: 5389 | G10: 18.86 | H10: 69.32 | I10: 63.03 | J10: =(H10-I10)/(I10-G10) -> 0.14240435 | K10: =LOOKUP(B10,$P$3:$P$9,$T$3:$T$9) -> 948.73453 | L10: =F10-LOOKUP(B10,$P$3:$P$9,$Q$3:$Q$9) -> 1816.4 | M10: =L10/K10 -> 1.9145503 | N10: =M10/(1+J10) -> 1.6758955 | O10: 1.6758955 | AN10: 0.0026221
A11: 8 | B11: #1 | C11: 22 | F11: 5411.2 | G11: 17.78 | H11: 64.22 | I11: 58.54 | J11: =(H11-I11)/(I11-G11) -> 0.13935231 | K11: =LOOKUP(B11,$P$3:$P$9,$T$3:$T$9) -> 936.50047 | L11: =F11-LOOKUP(B11,$P$3:$P$9,$Q$3:$Q$9) -> 1834.4 | M11: =L11/K11 -> 1.9587817 | N11: =M11/(1+J11) -> 1.7192064 | O11: 1.7192064 | V11: 0.0016211 | W11: 0.0017334 | X11: 0.0015821 | Y11: 0.0014258 | Z11: 0.0016162 | AA11: 0.0019434 | AB11: 0.0019688 | AC11: 0.0026221 | AD11: 0.0015938 | AE11: 0.0016094 | AF11: 0.0023282 | AG11: 0.001919 | AH11: 0.002334 | AI11: 0.001709 | AJ11: 0.0016993 | AK11: 0.0014844 | AN11: 0.0015938
A12: 9 | B12: #2 | C12: 18 | F12: 5394.4 | G12: 16.92 | H12: 61.37 | I12: 55.75 | J12: =(H12-I12)/(I12-G12) -> 0.14473345 | K12: =LOOKUP(B12,$P$3:$P$9,$T$3:$T$9) -> 941.83769 | L12: =F12-LOOKUP(B12,$P$3:$P$9,$Q$3:$Q$9) -> 1812.8 | M12: =L12/K12 -> 1.9247478 | N12: =M12/(1+J12) -> 1.6813938 | O12: 1.6813938 | V12: =V2 -> M#1_22G | W12: =AH2 -> M#1_25EST | X12: =AD2 -> M#2_18G | Y12: =AA2 -> M#2_29G | Z12: =Z2 -> M#1_29G | AA12: =AI2 -> M#2_25EST | AB12: =AE2 -> M#4_18G | AC12: =AC2 -> M#4_29G | AD12: =W2 -> M#5_22G | AE12: =AF2 -> M#5_18G | AF12: =AK2 -> M#5_25EST | AG12: =X2 -> M#6_22G | AH12: =Y2 -> M#7_22G | AI12: =AG2 -> M#7_32G | AJ12: =AJ2 -> M#4_25EST | AK12: =AB2 -> M#3_29G | AN12: 0.0016094
A13: 10 | B13: #4 | C13: 18 | F13: 5384.2 | G13: 16.61 | H13: 56.38 | I13: 51.16 | J13: =(H13-I13)/(I13-G13) -> 0.15108538 | K13: =LOOKUP(B13,$P$3:$P$9,$T$3:$T$9) -> 950.3312 | L13: =F13-LOOKUP(B13,$P$3:$P$9,$Q$3:$Q$9) -> 1811.2 | M13: =L13/K13 -> 1.9058619 | N13: =M13/(1+J13) -> 1.6557085 | O13: 1.6557085 | U13: Dry Density | V13: 1.7192064 | W13: 1.5841554 | X13: 1.6813938 | Y13: 1.6983126 | Z13: 1.7387618 | AA13: 1.6244084 | AB13: 1.6557085 | AC13: 1.7158207 | AD13: 1.6803509 | AE13: 1.7011514 | AF13: 1.5931595 | AG13: 1.7352276 | AH13: 1.6758955 | AI13: 1.705817 | AJ13: 1.5551021 | AK13: 1.7236637 | AN13: 0.0023282
A14: 11 | B14: #5 | C14: 18 | F14: 5427.2 | G14: 19.07 | H14: 61.87 | I14: 56.17 | J14: =(H14-I14)/(I14-G14) -> 0.15363881 | K14: =LOOKUP(B14,$P$3:$P$9,$T$3:$T$9) -> 942.36259 | L14: =F14-LOOKUP(B14,$P$3:$P$9,$Q$3:$Q$9) -> 1849.4 | M14: =L14/K14 -> 1.9625142 | N14: =M14/(1+J14) -> 1.7011514 | O14: 1.7011514 | AN14: 0.001919
A15: 12 | B15: #7 | C15: 32 | F15: 5443.6 | G15: 16.64 | H15: 65.89 | I15: 59.24 | J15: =(H15-I15)/(I15-G15) -> 0.15610329 | K15: =LOOKUP(B15,$P$3:$P$9,$T$3:$T$9) -> 948.73453 | L15: =F15-LOOKUP(B15,$P$3:$P$9,$Q$3:$Q$9) -> 1871 | M15: =L15/K15 -> 1.9721007 | N15: =M15/(1+J15) -> 1.705817 | O15: 1.705817 | AN15: 0.002334
A16: 13 | B16: #1 | C16: 25EST | F16: 5320 | G16: 18.64 | H16: 79.67 | I16: 70.58 | J16: =(H16-I16)/(I16-G16) -> 0.17500963 | K16: =LOOKUP(B16,$P$3:$P$9,$T$3:$T$9) -> 936.50047 | L16: =F16-LOOKUP(B16,$P$3:$P$9,$Q$3:$Q$9) -> 1743.2 | M16: =L16/K16 -> 1.8613979 | N16: =M16/(1+J16) -> 1.5841554 | O16: 1.5841554 | AE16: Desviacion TOF | AF16: TOF | AG16: Dry Density | AH16: TOF | AI16: Density | AL16: 95% Optimo | AM16: 1.6133723 | AO16: 0.001709
A17: 14 | B17: #2 | C17: 25EST | F17: 5374 | G17: 18.22 | H17: 59.74 | I17: 53.66 | J17: =(H17-I17)/(I17-G17) -> 0.17155756 | K17: =LOOKUP(B17,$P$3:$P$9,$T$3:$T$9) -> 941.83769 | L17: =F17-LOOKUP(B17,$P$3:$P$9,$Q$3:$Q$9) -> 1792.4 | M17: =L17/K17 -> 1.903088 | N17: =M17/(1+J17) -> 1.6244084 | O17: 1.6244084 | AD17: M#1_22G | AE17: =V9 -> 5.0439163e-05 | AF17: 0.0016211 | AG17: 1.7192064 | AH17: =IF((AF17-(2*AE17))<$AM$17,"CUMPLE","NO") -> CUMPLE | AI17: =IF(AG17>$AM$16,"CUMPLE","NO") -> CUMPLE | AJ17: =IF(AH17=AI17,"NICE","PANIC") -> NICE | AK17: =(AF17-(2*AE17)) -> 0.0015202217 | AL17: TOF | AM17: 0.00155809 | AO17: 0.0016993
A18: 15 | B18: #4 | C18: 25EST | F18: 5299 | G18: 18.32 | H18: 73.41 | I18: 65.49 | J18: =(H18-I18)/(I18-G18) -> 0.16790333 | K18: =LOOKUP(B18,$P$3:$P$9,$T$3:$T$9) -> 950.3312 | L18: =F18-LOOKUP(B18,$P$3:$P$9,$Q$3:$Q$9) -> 1726 | M18: =L18/K18 -> 1.8162089 | N18: =M18/(1+J18) -> 1.5551021 | O18: 1.5551021 | V18: 1.7192064 | W18: 1.5841554 | X18: 1.6813938 | Y18: 1.6983126 | AD18: M#1_25EST | AE18: =AH9 -> 6.0441452e-05 | AF18: 0.0017334 | AG18: 1.5841554 | AH18: =IF((AF18-(2*AE18))<$AM$17,"CUMPLE","NO") -> NO | AI18: =IF(AG18>$AM$16,"CUMPLE","NO") -> NO | AJ18: =IF(AH18=AI18,"NICE","PANIC") -> NICE | AK18: =(AF18-(2*AE18)) -> 0.0016125171 | AO18: 0.0014844
A19: 16 | B19: #5 | C19: 25EST | F19: 5362.2 | G19: 19 | H19: 71.7 | I19: 63.34 | J19: =(H19-I19)/(I19-G19) -> 0.18854308 | K19: =LOOKUP(B19,$P$3:$P$9,$T$3:$T$9) -> 942.36259 | L19: =F19-LOOKUP(B19,$P$3:$P$9,$Q$3:$Q$9) -> 1784.4 | M19: =L19/K19 -> 1.8935387 | N19: =M19/(1+J19) -> 1.5931595 | O19: 1.5931595 | V19: 1.7387618 | W19: 1.6244084 | X19: 1.6557085 | Y19: 1.7158207 | AD19: M#2_18G | AE19: =AD9 -> 0.00018463832 | AF19: 0.0015821 | AG19: 1.6813938 | AH19: =IF((AF19-(2*AE19))<$AM$17,"CUMPLE","NO") -> CUMPLE | AI19: =IF(AG19>$AM$16,"CUMPLE","NO") -> CUMPLE | AJ19: =IF(AH19=AI19,"NICE","PANIC") -> NICE | AK19: =(AF19-(2*AE19)) -> 0.0012128234 | AM19: 1.6982866
V20: 1.6803509 | W20: 1.7011514 | X20: 1.5931595 | Y20: 1.7352276 | AD20: M#2_29G | AE20: =AA9 -> 4.78467e-05 | AF20: 0.0014258 | AG20: 1.6983126 | AH20: =IF((AF20-(2*AE20))<$AM$17,"CUMPLE","NO") -> CUMPLE | AI20: =IF(AG20>$AM$16,"CUMPLE","NO") -> CUMPLE | AJ20: =IF(AH20=AI20,"NICE","PANIC") -> NICE | AK20: =(AF20-(2*AE20)) -> 0.0013301066 | AM20: 0.00155809
V21: 1.6758955 | W21: 1.705817 | X21: 1.5551021 | Y21: 1.7236637 | AD21: M#1_29G | AE21: =Z9 -> 3.700536e-05 | AF21: 0.0016162 | AG21: 1.7387618 | AH21: =IF((AF21-(2*AE21))<$AM$17,"CUMPLE","NO") -> CUMPLE | AI21: =IF(AG21>$AM$16,"CUMPLE","NO") -> CUMPLE | AJ21: =IF(AH21=AI21,"NICE","PANIC") -> NICE | AK21: =(AF21-(2*AE21)) -> 0.0015421893 | AM21: =IF((AF17-(2*AE17))<$AM$17,"CUMPLE","NO") -> CUMPLE
AD22: M#2_25EST | AE22: =AI9 -> 0.0001110517 | AF22: 0.0019434 | AG22: 1.6244084 | AH22: =IF((AF22-(2*AE22))<$AM$17,"CUMPLE","NO") -> NO | AI22: =IF(AG22>$AM$16,"CUMPLE","NO") -> CUMPLE | AJ22: =IF(AH22=AI22,"NICE","PANIC") -> PANIC | AK22: =(AF22-(2*AE22)) -> 0.0017212966 | AM22: =(AF17-(2*AE17)) -> 0.0015202217
AD23: M#4_18G | AE23: =AE9 -> 8.7206651e-06 | AF23: 0.0019688 | AG23: 1.6557085 | AH23: =IF((AF23-(2*AE23))<$AM$17,"CUMPLE","NO") -> NO | AI23: =IF(AG23>$AM$16,"CUMPLE","NO") -> CUMPLE | AJ23: =IF(AH23=AI23,"NICE","PANIC") -> PANIC | AK23: =(AF23-(2*AE23)) -> 0.0019513587
AD24: M#4_29G | AE24: =AC9 -> 0.00010381639 | AF24: 0.0026221 | AG24: 1.7158207 | AH24: =IF((AF24-(2*AE24))<$AM$17,"CUMPLE","NO") -> NO | AI24: =IF(AG24>$AM$16,"CUMPLE","NO") -> CUMPLE | AJ24: =IF(AH24=AI24,"NICE","PANIC") -> PANIC | AK24: =(AF24-(2*AE24)) -> 0.0024144672
AD25: M#5_22G | AE25: =W9 -> 5.9594899e-05 | AF25: 0.0015938 | AG25: 1.6803509 | AH25: =IF((AF25-(2*AE25))<$AM$17,"CUMPLE","NO") -> CUMPLE | AI25: =IF(AG25>$AM$16,"CUMPLE","NO") -> CUMPLE | AJ25: =IF(AH25=AI25,"NICE","PANIC") -> NICE | AK25: =(AF25-(2*AE25)) -> 0.0014746102 | AM25: 1.52022160e-03 1.61251700e-03 1.21282400e-03 1.33010660e-03
AD26: M#5_18G | AE26: =AF9 -> 6.116445e-05 | AF26: 0.0016094 | AG26: 1.7011514 | AH26: =IF((AF26-(2*AE26))<$AM$17,"CUMPLE","NO") -> CUMPLE | AI26: =IF(AG26>$AM$16,"CUMPLE","NO") -> CUMPLE | AJ26: =IF(AH26=AI26,"NICE","PANIC") -> NICE | AK26: =(AF26-(2*AE26)) -> 0.0014870711 | AM26: 1.54218920e-03 1.72129600e-03 1.95135866e-03 2.41446800e-03
AD27: M#5_25EST | AE27: =AK9 -> 0.00017867428 | AF27: 0.0023282 | AG27: 1.5931595 | AH27: =IF((AF27-(2*AE27))<$AM$17,"CUMPLE","NO") -> NO | AI27: =IF(AG27>$AM$16,"CUMPLE","NO") -> NO | AJ27: =IF(AH27=AI27,"NICE","PANIC") -> NICE | AK27: =(AF27-(2*AE27)) -> 0.0019708514 | AM27: 1.47461020e-03 1.48707100e-03 1.97085200e-03 1.29781800e-03
AD28: M#6_22G | AE28: =X9 -> 0.00031059119 | AF28: 0.001919 | AG28: 1.7352276 | AH28: =IF((AF28-(2*AE28))<$AM$17,"CUMPLE","NO") -> CUMPLE | AI28: =IF(AG28>$AM$16,"CUMPLE","NO") -> CUMPLE | AJ28: =IF(AH28=AI28,"NICE","PANIC") -> NICE | AK28: =(AF28-(2*AE28)) -> 0.0012978176 | AM28: 2.05314600e-03 1.65857380e-03 -3.10850490e+00 1.29573600e-03
AD29: M#7_22G | AE29: =Y9 -> 0.0001404271 | AF29: 0.002334 | AG29: 1.6758955 | AH29: =IF((AF29-(2*AE29))<$AM$17,"CUMPLE","NO") -> NO | AI29: =IF(AG29>$AM$16,"CUMPLE","NO") -> CUMPLE | AJ29: =IF(AH29=AI29,"NICE","PANIC") -> PANIC | AK29: =(AF29-(2*AE29)) -> 0.0020531458
AD30: M#7_32G | AE30: =AG9 -> 2.5213141e-05 | AF30: 0.001709 | AG30: 1.705817 | AH30: =IF((AF30-(2*AE30))<$AM$17,"CUMPLE","NO") -> NO | AI30: =IF(AG30>$AM$16,"CUMPLE","NO") -> CUMPLE | AJ30: =IF(AH30=AI30,"NICE","PANIC") -> PANIC | AK30: =(AF30-(2*AE30)) -> 0.0016585737
AD31: M#4_25EST | AE31: =AJ13 -> 1.5551021 | AF31: 0.0016993 | AG31: 1.5551021 | AH31: =IF((AF31-(2*AE31))<$AM$17,"CUMPLE","NO") -> CUMPLE | AI31: =IF(AG31>$AM$16,"CUMPLE","NO") -> NO | AJ31: =IF(AH31=AI31,"NICE","PANIC") -> PANIC | AK31: =(AF31-(2*AE31)) -> -3.1085049
AD32: M#3_29G | AE32: =AB9 -> 9.4331967e-05 | AF32: 0.0014844 | AG32: 1.7236637 | AH32: =IF((AF32-(2*AE32))<$AM$17,"CUMPLE","NO") -> CUMPLE | AI32: =IF(AG32>$AM$16,"CUMPLE","NO") -> CUMPLE | AJ32: =IF(AH32=AI32,"NICE","PANIC") -> NICE | AK32: =(AF32-(2*AE32)) -> 0.0012957361
AH34: Resumen | AI34: =COUNTIF(AJ17:AJ32,"PANIC") -> 6 | AJ34: =COUNTIF(AJ17:AJ32,"NICE") -> 10

Sheet TOF vs D. density
B3: Muestra | C3: Densidad | D3: Densidad dry | E3: TOF Prom
B5: =[2]Mediciones!B35 -> M1 - Mod | C5: =[2]Mediciones!H35 -> 1.8548437 | D5: =[2]Mediciones!J35 -> 1.6584292 | E5: =[2]Mediciones!AK35 -> 0.0013520135 | F5: =LOG10(D5) -> 0.21969693 | G5: =LOG10(E5) -> -2.869019
B6: =[2]Mediciones!B36 -> M1 - Mod | C6: =[2]Mediciones!H36 -> 1.9719402 | D6: =[2]Mediciones!J36 -> 1.7637281 | E6: =[2]Mediciones!AK36 -> 0.0013460135 | F6: =LOG10(D6) -> 0.24643164 | G6: =LOG10(E6) -> -2.8709506
B7: =[2]Mediciones!B37 -> M2 - Mod | C7: =[2]Mediciones!H37 -> 1.8449075 | D7: =[2]Mediciones!J37 -> 1.6822689 | E7: =[2]Mediciones!AK37 -> 0.0012780128 | F7: =LOG10(D7) -> 0.22589542 | G7: =LOG10(E7) -> -2.8934648
B8: =[2]Mediciones!B38 -> M3 - Mod | C8: =[2]Mediciones!H38 -> 1.7814187 | D8: =[2]Mediciones!J38 -> 1.6483734 | E8: =[2]Mediciones!AK38 -> 0.0012380124 | F8: =LOG10(D8) -> 0.2170556 | G8: =LOG10(E8) -> -2.907275
B9: =[2]Mediciones!B39 -> M1 - Est | C9: =[2]Mediciones!H39 -> 1.6522743 | D9: =[2]Mediciones!J39 -> 1.4806779 | E9: =[2]Mediciones!AK39 -> 0.001896019 | F9: =LOG10(D9) -> 0.1704606 | G9: =LOG10(E9) -> -2.7221573
B10: =[2]Mediciones!B40 -> M2 - Est | C10: =[2]Mediciones!H40 -> 1.6910927 | D10: =[2]Mediciones!J40 -> 1.490469 | E10: =[2]Mediciones!AK40 -> 0.0018360184 | F10: =LOG10(D10) -> 0.17332294 | G10: =LOG10(E10) -> -2.736123
B11: =[2]Mediciones!B41 -> M3 - Est | C11: =[2]Mediciones!H41 -> 1.743984 | D11: =[2]Mediciones!J41 -> 1.5294345 | E11: =[2]Mediciones!AK41 -> 0.0014240142 | F11: =LOG10(D11) -> 0.18453087 | G11: =LOG10(E11) -> -2.8464857
B12: =[2]Mediciones!B42 -> M4 - Est | C12: =[2]Mediciones!H42 -> 1.7820624 | D12: =[2]Mediciones!J42 -> 1.5475075 | E12: =[2]Mediciones!AK42 -> 0.0016520165 | F12: =LOG10(D12) -> 0.18963275 | G12: =LOG10(E12) -> -2.7819856
B14: =[2]Mediciones!B49 -> M4 - Mod | C14: =[2]Mediciones!H49 -> 2.031541 | D14: =[2]Mediciones!J49 -> 1.7772422 | E14: =[2]Mediciones!AK49 -> 0.0013240132 | F14: =LOG10(D14) -> 0.24974662 | G14: =LOG10(E14) -> -2.8781077
B15: =[2]Mediciones!B50 -> M5 - Mod | C15: =[2]Mediciones!H50 -> 1.9880316 | D15: =[2]Mediciones!J50 -> 1.6951263 | E15: =[2]Mediciones!AK50 -> 0.0014840148 | F15: =LOG10(D15) -> 0.22920207 | G15: =LOG10(E15) -> -2.8285618
B16: =[2]Mediciones!B51 -> M6 - Mod | C16: =[2]Mediciones!H51 -> 1.9363247 | D16: =[2]Mediciones!J51 -> 1.6321785 | E16: =[2]Mediciones!AK51 -> 0.0015760158 | F16: =LOG10(D16) -> 0.21276764 | G16: =LOG10(E16) -> -2.8024394
B17: =[2]Mediciones!B52 -> M5 - Est | C17: =[2]Mediciones!H52 -> 1.8753922 | D17: =[2]Mediciones!J52 -> 1.6090049 | E17: =[2]Mediciones!AK52 -> 0.0016860169 | F17: =LOG10(D17) -> 0.20655736 | G17: =LOG10(E17) -> -2.7731381
B18: =[2]Mediciones!B53 -> M6 - Est | C18: =[2]Mediciones!H53 -> 1.9187315 | D18: =[2]Mediciones!J53 -> 1.6060303 | E18: =[2]Mediciones!AK53 -> 0.0019700197 | F18: =LOG10(D18) -> 0.20575372 | G18: =LOG10(E18) -> -2.7055294
B19: =[2]Mediciones!B54 -> M2 - Mod | C19: =[2]Mediciones!H54 -> 1.9110077 | D19: =[2]Mediciones!J54 -> 1.686719 | E19: =[2]Mediciones!AK54 -> 0.0014060141 | F19: =LOG10(D19) -> 0.22704275 | G19: =LOG10(E19) -> -2.8520103
B20: =[2]Mediciones!B55 -> M3 - Mod | C20: =[2]Mediciones!H55 -> 1.9399721 | D20: =[2]Mediciones!J55 -> 1.6784849 | E20: =[2]Mediciones!AK55 -> 0.0015160152 | F20: =LOG10(D20) -> 0.22491744 | G20: =LOG10(E20) -> -2.8192965
B21: =[2]Mediciones!B56 -> M4 - Mod | C21: =[2]Mediciones!H56 -> 1.8732467 | D21: =[2]Mediciones!J56 -> 1.6019546 | E21: =[2]Mediciones!AK56 -> 0.0014550146 | F21: =LOG10(D21) -> 0.20465021 | G21: =LOG10(E21) -> -2.8371327
B23: M#1_22G | C23: 2.0017075 | D23: 1.7192064 | E23: 0.0016211 | F23: =LOG10(D23) -> 0.23532801 | G23: =LOG10(E23) -> -2.7901902
B24: M#1_25EST | C24: 1.8919396 | D24: 1.5841554 | E24: 0.0017334 | F24: =LOG10(D24) -> 0.19979779 | G24: =LOG10(E24) -> -2.7611012 | M24: ecuacion de intervalo de confianza
B25: M#2_18G | C25: 1.9461801 | D25: 1.6813938 | E25: 0.0015821 | F25: =LOG10(D25) -> 0.22566945 | G25: =LOG10(E25) -> -2.8007661 | M25: Poner lineas de confiabilidad
B26: M#2_29G | C26: 1.9580542 | D26: 1.6983126 | E26: 0.0014258 | F26: =LOG10(D26) -> 0.23001763 | G26: =LOG10(E26) -> -2.8459414 | M26: 0.8
B27: M#1_29G | C27: 1.8676463 | D27: 1.7387618 | E27: 0.0016162 | F27: =LOG10(D27) -> 0.2402401 | G27: =LOG10(E27) -> -2.7915049
B28: M#2_25EST | C28: 1.9752561 | D28: 1.6244084 | E28: 0.0019434 | F28: =LOG10(D28) -> 0.21069524 | G28: =LOG10(E28) -> -2.7114378
B29: M#4_18G | C29: 1.9145503 | D29: 1.6557085 | E29: 0.0019688 | F29: =LOG10(D29) -> 0.21898388 | G29: =LOG10(E29) -> -2.7057984
B30: M#4_29G | C30: 1.9587817 | H30: 1.7158207 | I30: 0.0025391
B31: M#5_22G | C31: 1.9247478 | D31: 1.6803509 | E31: 0.0015938 | F31: =LOG10(D31) -> 0.22539998 | G31: =LOG10(E31) -> -2.7975662
B32: M#5_18G | C32: 1.9058619 | D32: 1.7011514 | E32: 0.0016094 | F32: =LOG10(D32) -> 0.23074296 | G32: =LOG10(E32) -> -2.793336
B33: M#5_25EST | C33: 1.9625142 | H33: 1.5931595 | I33: 0.0023282
B34: M#6_22G | C34: 1.9721007 | D34: 1.7352276 | E34: 0.001919 | F34: =LOG10(D34) -> 0.23935645 | G34: =LOG10(E34) -> -2.716925
B35: M#7_22G | C35: 1.8613979 | H35: 1.6758955 | I35: 0.002334
B36: M#7_32G | C36: 1.903088 | D36: 1.705817 | E36: 0.001709 | F36: =LOG10(D36) -> 0.23193244 | G36: =LOG10(E36) -> -2.7672579
B37: M#4_25EST | C37: 1.8162089 | D37: 1.5551021 | E37: 0.0016993 | F37: =LOG10(D37) -> 0.19175891 | G37: =LOG10(E37) -> -2.7697299
B38: M#3_29G | C38: 1.8935387 | D38: 1.7236637 | E38: 0.0014844 | F38: =LOG10(D38) -> 0.23645253 | G38: =LOG10(E38) -> -2.8284491

Sheet MedicionesCuadrillaProctor
B2: Num. Molde | C2: Golpes | D2: Masa Cilindro | E2: Volumen | F2: Cilindro + Suelo | G2: mTarro | H2: mTarro + humedo | I2: mTarro + seco | J2: humedad | K2: Volumen | L2: M. Humeda | M2: Densidad H. | N2: Densidad Seca | P2: Num. Molde | Q2: Masa | R2: Diametro | S2: Altura | T2: Volumen | V2: M#1_22G | W2: M#5_22G | X2: M#6_22G | Y2: M#7_22G | Z2: M#1_29G | AA2: M#2_29G | AB2: M#3_29G | AC2: M#4_29G | AD2: M#2_18G | AE2: M#4_18G | AF2: M#5_18G | AG2: M#7_32G | AH2: M#1_25EST | AI2: M#2_25EST | AJ2: M#4_25EST | AK2: M#5_25EST | AN2: Superficie
F3: (g) | G3: (g) | H3: (g) | I3: (g) | K3: cm3 | L3: gr | M3: gr/cm3 | P3: #1 | Q3: 3576.8 | R3: 101.16 | S3: 116.52 | T3: =(((R3/10)^2)*PI()/4)*(S3/10) -> 936.50047 | V3: 0.0016797 | W3: 0.0016407 | X3: 0.0014649 | Y3: 0.0024024 | Z3: 0.0016407 | AA3: 0.0013672 | AB3: 0.0016211 | AC3: 0.0027735 | AD3: 0.0016016 | AE3: 0.0019727 | AF3: 0.0015039 | AG3: 0.0017383 | AH3: 0.0018164 | AI3: 0.0021094 | AJ3: 0.0017969 | AK3: 0.0025391 | AN3: 0.0016211
A4: 1 | B4: #1 | C4: 29 | F4: 5451.4 | G4: 17.56 | H4: 62.17 | I4: 56.31 | J4: =(H4-I4)/(I4-G4) -> 0.15122581 | K4: =LOOKUP(B4,$P$3:$P$9,$T$3:$T$9) -> 936.50047 | L4: =F4-LOOKUP(B4,$P$3:$P$9,$Q$3:$Q$9) -> 1874.6 | M4: =L4/K4 -> 2.0017075 | N4: =M4/(1+J4) -> 1.7387618 | O4: 1.7387618 | P4: #2 | Q4: 3581.6 | R4: 101.4 | S4: 116.63 | T4: =(((R4/10)^2)*PI()/4)*(S4/10) -> 941.83769 | V4: 0.0016016 | W4: 0.0015625 | X4: 0.0021094 | Y4: 0.0024415 | Z4: 0.0016407 | AA4: 0.0014258 | AB4: 0.0014649 | AC4: 0.0025782 | AD4: 0.0014453 | AE4: 0.0019727 | AF4: 0.0016407 | AG4: 0.0017188 | AH4: 0.0017383 | AI4: 0.0018946 | AJ4: 0.0016993 | AK4: 0.0022657 | AN4: 0.0017334
A5: 2 | B5: #2 | C5: 29 | F5: 5363.5 | G5: 17.88 | H5: 55.01 | I5: 51.21 | J5: =(H5-I5)/(I5-G5) -> 0.1140114 | K5: =LOOKUP(B5,$P$3:$P$9,$T$3:$T$9) -> 941.83769 | L5: =F5-LOOKUP(B5,$P$3:$P$9,$Q$3:$Q$9) -> 1781.9 | M5: =L5/K5 -> 1.8919396 | N5: =M5/(1+J5) -> 1.6983126 | O5: 1.6983126 | P5: #3 | Q5: 3838.4 | T5: =AVERAGE(T3:T4,T7,T9) -> 942.35882 | V5: 0.0016407 | W5: 0.0016211 | X5: 0.0021289 | Y5: 0.0023633 | Z5: 0.0016211 | AA5: 0.0014844 | AB5: 0.0014063 | AC5: 0.0025977 | AD5: 0.0014453 | AE5: 0.0019727 | AF5: 0.0016602 | AG5: 0.0016993 | AH5: 0.0016993 | AI5: 0.001875 | AJ5: 0.0016407 | AK5: 0.0023243 | AN5: 0.0015821
A6: 3 | B6: #3 | C6: 29 | F6: 5672.4 | G6: 17.35 | H6: 52.16 | I6: 48.18 | J6: =(H6-I6)/(I6-G6) -> 0.12909504 | K6: =LOOKUP(B6,$P$3:$P$9,$T$3:$T$9) -> 942.35882 | L6: =F6-LOOKUP(B6,$P$3:$P$9,$Q$3:$Q$9) -> 1834 | M6: =L6/K6 -> 1.9461801 | N6: =M6/(1+J6) -> 1.7236637 | O6: 1.7236637 | P6: #4 | Q6: 3573 | R6: 101.5 | S6: 117.45 | T6: =(((R6/10)^2)*PI()/4)*(S6/10) -> 950.3312 | V6: 0.0015625 | W6: 0.0016407 | X6: 0.0019727 | Y6: 0.0021289 | Z6: 0.0015625 | AA6: 0.0014258 | AB6: 0.0014453 | AC6: 0.0025391 | AD6: 0.001836 | AE6: 0.0019532 | AF6: 0.0016211 | AG6: 0.0016797 | AH6: 0.0016797 | AI6: 0.0018946 | AJ6: 0.0016602 | AK6: 0.0024415 | AN6: 0.0014258
A7: 4 | B7: #4 | C7: 29 | F7: 5433.8 | G7: 17.08 | H7: 58.79 | I7: 53.63 | J7: =(H7-I7)/(I7-G7) -> 0.14117647 | K7: =LOOKUP(B7,$P$3:$P$9,$T$3:$T$9) -> 950.3312 | L7: =F7-LOOKUP(B7,$P$3:$P$9,$Q$3:$Q$9) -> 1860.8 | M7: =L7/K7 -> 1.9580542 | N7: =M7/(1+J7) -> 1.7158207 | O7: 1.7158207 | P7: #5 | Q7: 3577.8 | R7: 101.45 | S7: 116.58 | T7: =(((R7/10)^2)*PI()/4)*(S7/10) -> 942.36259 | W7: 0.0015039 | AE7: 0.0019727 | AF7: 0.0016211 | AK7: 0.0020704 | AN7: 0.0016162
A8: 5 | B8: #5 | C8: 22 | F8: 5337.8 | G8: 18.93 | H8: 68.19 | I8: 63.25 | J8: =(H8-I8)/(I8-G8) -> 0.11146209 | K8: =LOOKUP(B8,$P$3:$P$9,$T$3:$T$9) -> 942.36259 | L8: =F8-LOOKUP(B8,$P$3:$P$9,$Q$3:$Q$9) -> 1760 | M8: =L8/K8 -> 1.8676463 | N8: =M8/(1+J8) -> 1.6803509 | O8: 1.6803509 | P8: #6 | Q8: 2700 | T8: =T5 -> 942.35882 | U8: Promedio: | V8: =ROUND(AVERAGE(V3:V7),7) -> 0.0016211 | W8: =ROUND(AVERAGE(W3:W7),7) -> 0.0015938 | X8: =ROUND(AVERAGE(X3:X7),7) -> 0.001919 | Y8: =ROUND(AVERAGE(Y3:Y7),7) -> 0.002334 | Z8: =ROUND(AVERAGE(Z3:Z7),7) -> 0.0016163 | AA8: =ROUND(AVERAGE(AA3:AA7),7) -> 0.0014258 | AB8: =ROUND(AVERAGE(AB3:AB7),7) -> 0.0014844 | AC8: =ROUND(AVERAGE(AC3:AC7),7) -> 0.0026221 | ... AK8: =ROUND(AVERAGE(AK3:AK7),7) -> 0.0023282 | AN8: 0.0019434
A9: 6 | B9: #6 | C9: 22 | F9: 4561.4 | G9: 17.79 | H9: 55.48 | I9: 50.9 | J9: =(H9-I9)/(I9-G9) -> 0.13832679 | K9: =LOOKUP(B9,$P$3:$P$9,$T$3:$T$9) -> 942.35882 | L9: =F9-LOOKUP(B9,$P$3:$P$9,$Q$3:$Q$9) -> 1861.4 | M9: =L9/K9 -> 1.9752561 | N9: =M9/(1+J9) -> 1.7352276 | O9: 1.7352276 | P9: #7 | Q9: 3572.6 | R9: 101.35 | S9: 117.6 | T9: =(((R9/10)^2)*PI()/4)*(S9/10) -> 948.73453 | AN9: 0.0019688
A10: 7 | B10: #7 | C10: 22 | F10: 5389 | G10: 18.86 | H10: 69.32 | I10: 63.03 | J10: =(H10-I10)/(I10-G10) -> 0.14240435 | K10: =LOOKUP(B10,$P$3:$P$9,$T$3:$T$9) -> 948.73453 | L10: =F10-LOOKUP(B10,$P$3:$P$9,$Q$3:$Q$9) -> 1816.4 | M10: =L10/K10 -> 1.9145503 | N10: =M10/(1+J10) -> 1.6758955 | O10: 1.6758955 | AN10: 0.0026221
A11: 8 | B11: #1 | C11: 22 | F11: 5411.2 | G11: 17.78 | H11: 64.22 | I11: 58.54 | J11: =(H11-I11)/(I11-G11) -> 0.13935231 | K11: =LOOKUP(B11,$P$3:$P$9,$T$3:$T$9) -> 936.50047 | L11: =F11-LOOKUP(B11,$P$3:$P$9,$Q$3:$Q$9) -> 1834.4 | M11: =L11/K11 -> 1.9587817 | N11: =M11/(1+J11) -> 1.7192064 | O11: 1.7192064 | V11: 0.0016211 | W11: 0.0017334 | X11: 0.0015821 | Y11: 0.0014258 | Z11: 0.0016162 | AA11: 0.0019434 | AB11: 0.0019688 | AC11: 0.0026221 | AD11: 0.0015938 | AE11: 0.0016094 | AF11: 0.0023282 | AG11: 0.001919 | AH11: 0.002334 | AI11: 0.001709 | AJ11: 0.0016993 | AK11: 0.0014844 | AN11: 0.0015938
A12: 9 | B12: #2 | C12: 18 | F12: 5394.4 | G12: 16.92 | H12: 61.37 | I12: 55.75 | J12: =(H12-I12)/(I12-G12) -> 0.14473345 | K12: =LOOKUP(B12,$P$3:$P$9,$T$3:$T$9) -> 941.83769 | L12: =F12-LOOKUP(B12,$P$3:$P$9,$Q$3:$Q$9) -> 1812.8 | M12: =L12/K12 -> 1.9247478 | N12: =M12/(1+J12) -> 1.6813938 | O12: 1.6813938 | V12: =V2 -> M#1_22G | W12: =AH2 -> M#1_25EST | X12: =AD2 -> M#2_18G | Y12: =AA2 -> M#2_29G | Z12: =Z2 -> M#1_29G | AA12: =AI2 -> M#2_25EST | AB12: =AE2 -> M#4_18G | AC12: =AC2 -> M#4_29G | AD12: =W2 -> M#5_22G | AE12: =AF2 -> M#5_18G | AF12: =AK2 -> M#5_25EST | AG12: =X2 -> M#6_22G | AH12: =Y2 -> M#7_22G | AI12: =AG2 -> M#7_32G | AJ12: =AJ2 -> M#4_25EST | AK12: =AB2 -> M#3_29G | AN12: 0.0016094
A13: 10 | B13: #4 | C13: 18 | F13: 5384.2 | G13: 16.61 | H13: 56.38 | I13: 51.16 | J13: =(H13-I13)/(I13-G13) -> 0.15108538 | K13: =LOOKUP(B13,$P$3:$P$9,$T$3:$T$9) -> 950.3312 | L13: =F13-LOOKUP(B13,$P$3:$P$9,$Q$3:$Q$9) -> 1811.2 | M13: =L13/K13 -> 1.9058619 | N13: =M13/(1+J13) -> 1.6557085 | O13: 1.6557085 | U13: Dry Density | V13: 1.7192064 | W13: 1.5841554 | X13: 1.6813938 | Y13: 1.6983126 | Z13: 1.7387618 | AA13: 1.6244084 | AB13: 1.6557085 | AC13: 1.7158207 | AD13: 1.6803509 | AE13: 1.7011514 | AF13: 1.5931595 | AG13: 1.7352276 | AH13: 1.6758955 | AI13: 1.705817 | AJ13: 1.5551021 | AK13: 1.7236637 | AN13: 0.0023282
A14: 11 | B14: #5 | C14: 18 | F14: 5427.2 | G14: 19.07 | H14: 61.87 | I14: 56.17 | J14: =(H14-I14)/(I14-G14) -> 0.15363881 | K14: =LOOKUP(B14,$P$3:$P$9,$T$3:$T$9) -> 942.36259 | L14: =F14-LOOKUP(B14,$P$3:$P$9,$Q$3:$Q$9) -> 1849.4 | M14: =L14/K14 -> 1.9625142 | N14: =M14/(1+J14) -> 1.7011514 | O14: 1.7011514 | AN14: 0.001919
A15: 12 | B15: #7 | C15: 32 | F15: 5443.6 | G15: 16.64 | H15: 65.89 | I15: 59.24 | J15: =(H15-I15)/(I15-G15) -> 0.15610329 | K15: =LOOKUP(B15,$P$3:$P$9,$T$3:$T$9) -> 948.73453 | L15: =F15-LOOKUP(B15,$P$3:$P$9,$Q$3:$Q$9) -> 1871 | M15: =L15/K15 -> 1.9721007 | N15: =M15/(1+J15) -> 1.705817 | O15: 1.705817 | AN15: 0.002334
A16: 13 | B16: #1 | C16: 25EST | F16: 5320 | G16: 18.64 | H16: 79.67 | I16: 70.58 | J16: =(H16-I16)/(I16-G16) -> 0.17500963 | K16: =LOOKUP(B16,$P$3:$P$9,$T$3:$T$9) -> 936.50047 | L16: =F16-LOOKUP(B16,$P$3:$P$9,$Q$3:$Q$9) -> 1743.2 | M16: =L16/K16 -> 1.8613979 | N16: =M16/(1+J16) -> 1.5841554 | O16: 1.5841554 | AE16: TOF | AF16: Dry Density | AN16: 0.001709
A17: 14 | B17: #2 | C17: 25EST | F17: 5374 | G17: 18.22 | H17: 59.74 | I17: 53.66 | J17: =(H17-I17)/(I17-G17) -> 0.17155756 | K17: =LOOKUP(B17,$P$3:$P$9,$T$3:$T$9) -> 941.83769 | L17: =F17-LOOKUP(B17,$P$3:$P$9,$Q$3:$Q$9) -> 1792.4 | M17: =L17/K17 -> 1.903088 | N17: =M17/(1+J17) -> 1.6244084 | O17: 1.6244084 | AD17: M#1_22G | AE17: 0.0016211 | AF17: 1.7192064 | AG17: =LOOKUP(AF17,$O$4:$O$19) -> 1.5931595 | AN17: 0.0016993
A18: 15 | B18: #4 | C18: 25EST | F18: 5299 | G18: 18.32 | H18: 73.41 | I18: 65.49 | J18: =(H18-I18)/(I18-G18) -> 0.16790333 | K18: =LOOKUP(B18,$P$3:$P$9,$T$3:$T$9) -> 950.3312 | L18: =F18-LOOKUP(B18,$P$3:$P$9,$Q$3:$Q$9) -> 1726 | M18: =L18/K18 -> 1.8162089 | N18: =M18/(1+J18) -> 1.5551021 | O18: 1.5551021 | V18: 1.7192064 | W18: 1.5841554 | X18: 1.6813938 | Y18: 1.6983126 | AD18: M#1_25EST | AE18: 0.0017334 | AF18: 1.5841554 | AN18: 0.0014844
A19: 16 | B19: #5 | C19: 25EST | F19: 5362.2 | G19: 19 | H19: 71.7 | I19: 63.34 | J19: =(H19-I19)/(I19-G19) -> 0.18854308 | K19: =LOOKUP(B19,$P$3:$P$9,$T$3:$T$9) -> 942.36259 | L19: =F19-LOOKUP(B19,$P$3:$P$9,$Q$3:$Q$9) -> 1784.4 | M19: =L19/K19 -> 1.8935387 | N19: =M19/(1+J19) -> 1.5931595 | O19: 1.5931595 | V19: 1.7387618 | W19: 1.6244084 | X19: 1.6557085 | Y19: 1.7158207 | AD19: M#2_18G | AE19: 0.0015821 | AF19: 1.6813938
V20: 1.6803509 | W20: 1.7011514 | X20: 1.5931595 | Y20: 1.7352276 | AD20: M#2_29G | AE20: 0.0014258 | AF20: 1.6983126
V21: 1.6758955 | W21: 1.705817 | X21: 1.5551021 | Y21: 1.7236637 | AD21: M#1_29G | AE21: 0.0016162 | AF21: 1.7387618
AD22: M#2_25EST | AE22: 0.0019434 | AF22: 1.6244084
AD23: M#4_18G | AE23: 0.0019688 | AF23: 1.6557085
AD24: M#4_29G | AE24: 0.0026221 | AF24: 1.7158207
AD25: M#5_22G | AE25: 0.0015938 | AF25: 1.6803509
AD26: M#5_18G | AE26: 0.0016094 | AF26: 1.7011514
AD27: M#5_25EST | AE27: 0.0023282 | AF27: 1.5931595
AD28: M#6_22G | AE28: 0.001919 | AF28: 1.7352276
AD29: M#7_22G | AE29: 0.002334 | AF29: 1.6758955
AD30: M#7_32G | AE30: 0.001709 | AF30: 1.705817
AD31: M#4_25EST | AE31: 0.0016993 | AF31: 1.5551021
AD32: M#3_29G | AE32: 0.0014844 | AF32: 1.7236637

Sheet ModMSWMalchingui
C3: TOF | F3: MOD E
B4: M00 | C4: 0.0025195805 | D4: 0.0024609856 | E4: 0.0023242641
B5: M02 | C5: 0.0019922264 | D5: 0.0018945683 | E5: 0.0018945683 | F5: 33.894327 | G5: 47.714442 | H5: 47.714442
B6: M04 | C6: 0.0016211254 | D6: 0.0015429989 | E6: 0.0015429989 | F6: 86.410766 | G6: 97.466858 | H6: 97.466858
B7: M06 | C7: 0.0027734917 | D7: 0.0028516182 | E7: 0.0029883396
B8: M08 | C8: 0.0017969101 | D8: 0.0017773785 | E8: 0.001855505 | F8: 61.534558 | G8: 64.298581 | H8: 53.242488
B9: M10 | C9: 0.0017969101 | D9: 0.0017773785 | E9: 0.001855505 | F9: 36.65835 | G9: 31.130304 | H9: 33.894327
B10: M12 | C10: 0.0021289478 | D10: 0.0021094162 | E10: 0.0021094162 | F10: 14.546165 | G10: 17.310188 | H10: 17.310188
B11: M14 | C11: 0.0023242641 | D11: 0.0022656693 | E11: 0.0022070744
B12: M16 | C12: 0.0024219223 | D12: 0.0022852009 | E12: 0.0022852009
B13: M18 | C13: 0.0018359734 | D13: 0.0018164417 | E13: 0.0019336315 | F13: 56.006512 | G13: 58.770535 | H13: 42.186396
B14: M20 | C14: 0.0018359734 | D14: 0.0017187836 | E14: 0.0017187836 | F14: 56.006512 | G14: 72.59065 | H14: 72.59065
B15: M22 | C15: 0.0023242641 | D15: 0.0023437958 | E15: 0.0023437958
B16: M24 | C16: 0.0025195805 | D16: 0.0022852009 | E16: 0.0023047325
